Current Commit,Parent Commit,Commit Date,Type,sqale_index_current,sqale_index_parent,lines_current,lines_parent,Seniority,Commit,lines,cumulative_lines,sqale_index,cumulative_sqale_index
c4aab16b0440f9cfccb629ebaa912c46b95b46aa,affba42a0520ecf6bab040fb7971284ef9bf450a,2015-07-10 10:54:47-07:00,Normal,94514.0,94499.0,833950.0,833796.0,0,1.0,154.0,154.0,15.0,15.0
59dca5ba7d70cde8a0b50b182f817ccfece92cab,9ef38c124c1caa1cbf927de97a007c83f624b12a,2015-07-10 10:54:47-07:00,Normal,94514.0,94514.0,833950.0,833950.0,0,2.0,0.0,154.0,0.0,15.0
c03a788c6768bfd59e8ab56546a91c9abe46723a,c4aab16b0440f9cfccb629ebaa912c46b95b46aa,2015-07-10 10:54:47-07:00,Normal,94514.0,94514.0,833950.0,833950.0,0,3.0,0.0,154.0,0.0,15.0
9ef38c124c1caa1cbf927de97a007c83f624b12a,c03a788c6768bfd59e8ab56546a91c9abe46723a,2015-07-10 10:54:47-07:00,Normal,94514.0,94514.0,833950.0,833950.0,0,4.0,0.0,154.0,0.0,15.0
1263a306447645ec2a9eb44b9db383b3dd5a8591,ffcc6cadb0406de99418c5465e25d8617c1d8796,2015-07-13 17:47:48-07:00,Normal,94591.0,94591.0,835278.0,835278.0,3,5.0,0.0,154.0,0.0,15.0
bf77ecc3a981d59c95d75f1ca2685974fed4395e,a41f508451a8a0b917ab5e0627296c86889ec9db,2015-07-13 17:47:48-07:00,Normal,94591.0,94545.0,835278.0,834936.0,3,6.0,342.0,496.0,46.0,61.0
ffcc6cadb0406de99418c5465e25d8617c1d8796,bf77ecc3a981d59c95d75f1ca2685974fed4395e,2015-07-13 17:47:48-07:00,Normal,94591.0,94591.0,835278.0,835278.0,3,7.0,0.0,496.0,0.0,61.0
821e08fded03c245806e6ec18f277049ca466df3,1263a306447645ec2a9eb44b9db383b3dd5a8591,2015-07-13 17:48:40-07:00,Normal,94591.0,94591.0,835278.0,835278.0,3,8.0,0.0,496.0,0.0,61.0
0dd130ea18b7e9b4214c36f22cd68b92493d51a5,821e08fded03c245806e6ec18f277049ca466df3,2015-07-13 17:48:40-07:00,Normal,94591.0,94591.0,835278.0,835278.0,3,9.0,0.0,496.0,0.0,61.0
2c333e4bc2dd2d0dbb88249a8cf4310e7195bbca,bdbcbe2e2fbde0528d387614bd7521f6e7be33c5,2015-07-13 18:24:11-07:00,Normal,94591.0,94591.0,835278.0,835278.0,3,10.0,0.0,496.0,0.0,61.0
b1555956e9e2799a4308563f277a058175948c79,2c333e4bc2dd2d0dbb88249a8cf4310e7195bbca,2015-07-13 18:32:00-07:00,Normal,94591.0,94591.0,835278.0,835278.0,3,11.0,0.0,496.0,0.0,61.0
28236a25c95271719fe5eb9ae406e0708daddb03,c6161824db3784e6156131307a5e94647e5557fd,2015-07-14 11:36:16-07:00,Normal,94591.0,94591.0,835278.0,835278.0,4,12.0,0.0,496.0,0.0,61.0
4d1bf3a0ca99ff9f41e7b7aa73426aa903ac8b21,f3b752d831708ccdad564bd188abb11822c51595,2015-07-16 16:23:19-07:00,Normal,94644.0,94639.0,835622.0,835602.0,6,13.0,20.0,516.0,5.0,66.0
98eeadb66e1042ce1ab6c1e75fbb69db00e334a8,4d1bf3a0ca99ff9f41e7b7aa73426aa903ac8b21,2015-07-16 16:28:18-07:00,Normal,94644.0,94644.0,835622.0,835622.0,6,14.0,0.0,516.0,0.0,66.0
2a112a0004f28afcac2c0bb5f8be76703adb9727,e81645b973b2e9fef5e6d216455f6a75f537d7ed,2015-07-17 11:04:46-07:00,Normal,94668.0,94658.0,836094.0,836010.0,7,15.0,84.0,600.0,10.0,76.0
f7873d2a1ffd2874051d8368a8fdcc039ad82395,2a112a0004f28afcac2c0bb5f8be76703adb9727,2015-07-17 11:04:46-07:00,Normal,94668.0,94668.0,836094.0,836094.0,7,16.0,0.0,600.0,0.0,76.0
c603542221e2c3a8396e2cc6d48b778decafbb22,e81645b973b2e9fef5e6d216455f6a75f537d7ed,2015-07-17 11:14:48-07:00,Normal,94658.0,94658.0,836010.0,836010.0,7,17.0,0.0,600.0,0.0,76.0
b563bb3760bd84dab8abc75d67611479ef3fbed4,f7873d2a1ffd2874051d8368a8fdcc039ad82395,2015-07-17 11:58:50-07:00,Normal,94668.0,94668.0,836098.0,836094.0,7,18.0,4.0,604.0,0.0,76.0
86ecc4f9660f1d28485f93c2159db955d24f0e19,1be091da0765a7ba72eef26d32e03523647af3cd,2015-07-17 11:59:13-07:00,Normal,94658.0,94658.0,836014.0,836010.0,7,19.0,4.0,608.0,0.0,76.0
2c046685f687e0a7cee3db6da512d81473ac71fa,b563bb3760bd84dab8abc75d67611479ef3fbed4,2015-07-17 12:02:35-07:00,Normal,94668.0,94668.0,836098.0,836098.0,7,20.0,0.0,608.0,0.0,76.0
ebff4ff746293c51eb86f1b1fb41f72d56746e8f,2cf2f9f93f765f53fba0239bf0bcafc6ac23eefb,2015-07-17 15:32:23-07:00,Normal,94670.0,94670.0,836108.0,836108.0,7,21.0,0.0,608.0,0.0,76.0
283435ab120a5192fa211a0824e3601a388146e7,84c76d1142ea4d367c23618ad7cedad4fd22540c,2015-07-17 18:01:58-07:00,Normal,94722.0,94722.0,895776.0,895776.0,7,22.0,0.0,608.0,0.0,76.0
022ccb475db095a7f6d43c7b63c18c9ae802f98a,2d88675f2203d316d4bac312c7ccad12991b56c2,2015-07-20 11:46:23-07:00,Normal,94722.0,94722.0,895773.0,895773.0,10,23.0,0.0,608.0,0.0,76.0
15d50f4211be96190d42454ec4b357dfe3f99602,cc326c714b34139b7fca6be7eb27dc2f86723870,2015-07-23 15:48:45-07:00,Normal,94793.0,94793.0,896283.0,896269.0,13,24.0,14.0,622.0,0.0,76.0
d63e35247f6d4b28f40f4ce8c7a3a57b523ce97a,2236fee028a7cb4c38b3324fdefcddb31e32bbb0,2015-07-27 10:05:31-07:00,Merge,,,,,16,24.0,,,,
d63e35247f6d4b28f40f4ce8c7a3a57b523ce97a,74b78d537df6dee6842573f2b78ea28dbdf87ade,2015-07-27 10:05:31-07:00,Merge,,,,,16,25.0,,,,
e45c6f9847b21393403067dc0d8ae0019811d3d6,02b431da46a7ab9b73f26c8b2f57ca5942c27637,2015-07-27 11:46:47-07:00,Merge,,,,,17,25.0,,,,
e45c6f9847b21393403067dc0d8ae0019811d3d6,d63e35247f6d4b28f40f4ce8c7a3a57b523ce97a,2015-07-27 11:46:47-07:00,Merge,,,,,17,26.0,,,,
544eb17ada6d1eed9b2586729969c8084f7bbeea,e380242b16f4e9a587770e79bcb3e93aae45c3b3,2015-07-27 12:45:11-07:00,Merge,,,,,17,26.0,,,,
544eb17ada6d1eed9b2586729969c8084f7bbeea,e45c6f9847b21393403067dc0d8ae0019811d3d6,2015-07-27 12:45:11-07:00,Merge,,,,,17,27.0,,,,
3fc46a2f7f8fa4c7bb1d603ef5cc4d7e73071c04,0a20df671fe9d65befe67bb1d43142a195035c20,2015-07-27 13:52:48-07:00,Merge,,,,,17,27.0,,,,
3fc46a2f7f8fa4c7bb1d603ef5cc4d7e73071c04,544eb17ada6d1eed9b2586729969c8084f7bbeea,2015-07-27 13:52:48-07:00,Merge,,,,,17,28.0,,,,
a171d2e4fb81f3422a561f9a21d7b1632dab1494,3fc46a2f7f8fa4c7bb1d603ef5cc4d7e73071c04,2015-07-27 13:55:04-07:00,Merge,,,,,17,29.0,,,,
a171d2e4fb81f3422a561f9a21d7b1632dab1494,f48543aba54e7edd545389fd104695463f0a354b,2015-07-27 13:55:04-07:00,Merge,,,,,17,29.0,,,,
777cad12d5b266fd20369ef8e4f1c01db382d264,ffb3f2535f3001a6a96d11736de2ea831da69b70,2015-07-27 14:14:39-07:00,Merge,,,,,17,29.0,,,,
777cad12d5b266fd20369ef8e4f1c01db382d264,a171d2e4fb81f3422a561f9a21d7b1632dab1494,2015-07-27 14:14:39-07:00,Merge,,,,,17,30.0,,,,
3900272c1aa057a3afeaf06251db45c407e0afd6,69166f17ad73412e0ab54475c5e5318e1f709e7b,2015-07-27 14:23:37-07:00,Merge,,,,,17,30.0,,,,
3900272c1aa057a3afeaf06251db45c407e0afd6,777cad12d5b266fd20369ef8e4f1c01db382d264,2015-07-27 14:23:37-07:00,Merge,,,,,17,31.0,,,,
2bd53119b1f7408aab93441096b00d62c8d12184,f4fe40e2d17ceef076c763ea5a84d52d48f88266,2015-07-27 14:31:49-07:00,Merge,,,,,17,31.0,,,,
2bd53119b1f7408aab93441096b00d62c8d12184,3900272c1aa057a3afeaf06251db45c407e0afd6,2015-07-27 14:31:49-07:00,Merge,,,,,17,32.0,,,,
6e8648f82886ac8afb011ed2a4c7d0583c714007,180798cfa4363e024d178e112bd2b6ddcfd61e54,2015-07-27 15:23:42-07:00,Merge,,,,,17,32.0,,,,
6e8648f82886ac8afb011ed2a4c7d0583c714007,2bd53119b1f7408aab93441096b00d62c8d12184,2015-07-27 15:23:42-07:00,Merge,,,,,17,33.0,,,,
11899c30806ef6c20166800b8a321c351e65b135,918925e09db7e2df8328b224fb2d43ac527cdbe6,2015-07-27 16:11:01-07:00,Merge,,,,,17,33.0,,,,
11899c30806ef6c20166800b8a321c351e65b135,6e8648f82886ac8afb011ed2a4c7d0583c714007,2015-07-27 16:11:01-07:00,Merge,,,,,17,34.0,,,,
b1e6b87a5f992e63b20d2a0bb81513ffc1a1aff4,0a0af48e515fd0de1bb91f9e933e57912e292c6d,2015-07-27 16:14:38-07:00,Merge,,,,,17,34.0,,,,
b1e6b87a5f992e63b20d2a0bb81513ffc1a1aff4,11899c30806ef6c20166800b8a321c351e65b135,2015-07-27 16:14:38-07:00,Merge,,,,,17,35.0,,,,
6c36f0dfa4beebb2605ffd4b7250dbd46a8e912b,b1e6b87a5f992e63b20d2a0bb81513ffc1a1aff4,2015-07-27 16:15:03-07:00,Merge,,,,,17,36.0,,,,
6c36f0dfa4beebb2605ffd4b7250dbd46a8e912b,60611c253eeb37bffbd814a644cf3c1e349a91b5,2015-07-27 16:15:03-07:00,Merge,,,,,17,36.0,,,,
8d5a6b063c68b50e9e2e481c04c4cfec4fa57bde,6c36f0dfa4beebb2605ffd4b7250dbd46a8e912b,2015-07-27 16:15:43-07:00,Merge,,,,,17,37.0,,,,
8d5a6b063c68b50e9e2e481c04c4cfec4fa57bde,23a190cd971842d0662fb3b06ed42d93b93c945a,2015-07-27 16:15:43-07:00,Merge,,,,,17,37.0,,,,
226c950bda91764875caa988cfb374cf1590929e,20ba173913ee98059c1d8707b35162bb146ac394,2015-07-27 16:22:58-07:00,Merge,,,,,17,37.0,,,,
226c950bda91764875caa988cfb374cf1590929e,8d5a6b063c68b50e9e2e481c04c4cfec4fa57bde,2015-07-27 16:22:58-07:00,Merge,,,,,17,38.0,,,,
a9948158eb2fbb02208fb57bbdf2e0344c375d23,93a374512ec3bdc47a55dc2d16d36ad5cd7fd8e5,2015-07-27 17:20:44-07:00,Merge,,,,,17,38.0,,,,
a9948158eb2fbb02208fb57bbdf2e0344c375d23,8866cf0580bfc89541a9a0fd2b349a9eb517fdde,2015-07-27 17:20:44-07:00,Merge,,,,,17,39.0,,,,
f37be94d3f68d171195c097220dbce60d29c7b0b,1d12f4604a69a1cbc31222b3e0d85cfe06479dad,2015-07-27 17:32:18-07:00,Merge,,,,,17,39.0,,,,
f37be94d3f68d171195c097220dbce60d29c7b0b,a9948158eb2fbb02208fb57bbdf2e0344c375d23,2015-07-27 17:32:18-07:00,Merge,,,,,17,40.0,,,,
c5bffaaf3166513da6259c44a5d1ba8e86bea5ce,d167fa27e09a0d2f69feca45dc6aca1ecdc1a613,2015-07-27 17:33:05-07:00,Merge,,,,,17,40.0,,,,
c5bffaaf3166513da6259c44a5d1ba8e86bea5ce,f37be94d3f68d171195c097220dbce60d29c7b0b,2015-07-27 17:33:05-07:00,Merge,,,,,17,41.0,,,,
10efd9806a1327e58fe0ab73d052e29e9aa5a84c,e86bb1aecab88c8c4b1eb642605314c956a38345,2015-09-01 12:23:01-07:00,Merge,,,,,53,41.0,,,,
10efd9806a1327e58fe0ab73d052e29e9aa5a84c,a7e47cada2b60cbb0122b3d20e3f6b9998789fe1,2015-09-01 12:23:01-07:00,Merge,,,,,53,42.0,,,,
01aac19d5c199d7959a40612d3828f1853e52965,10efd9806a1327e58fe0ab73d052e29e9aa5a84c,2015-09-01 12:24:17-07:00,Merge,,,,,53,43.0,,,,
01aac19d5c199d7959a40612d3828f1853e52965,12647523d202398bc38839c197cba31953c03a49,2015-09-01 12:24:17-07:00,Merge,,,,,53,43.0,,,,
a98a0f52b4a3f1639df7e489d4088ec9f4d8e021,f0a9badd2d50548544a0b53fef8cbf1e4852c5bc,2015-09-01 12:25:59-07:00,Merge,,,,,53,43.0,,,,
a98a0f52b4a3f1639df7e489d4088ec9f4d8e021,01aac19d5c199d7959a40612d3828f1853e52965,2015-09-01 12:25:59-07:00,Merge,,,,,53,44.0,,,,
cfe2bf10f24053d63352b0bf7f73c882ede24069,da03746b224d8feaf700de5cf9ab93bf0789b7e5,2015-09-01 12:26:45-07:00,Merge,,,,,53,44.0,,,,
cfe2bf10f24053d63352b0bf7f73c882ede24069,a98a0f52b4a3f1639df7e489d4088ec9f4d8e021,2015-09-01 12:26:45-07:00,Merge,,,,,53,45.0,,,,
a20d7ca481e638ba1d35568e9fdfd29311fe6b2b,3d51f524b50914c65c70526d57a057329ef28d9f,2015-09-01 13:33:05-07:00,Normal,96547.0,96544.0,941359.0,941380.0,53,46.0,-21.0,,3.0,
ae1236303ee9c5f99fa89fe5786f8eec79a663c2,a20d7ca481e638ba1d35568e9fdfd29311fe6b2b,2015-09-01 13:33:34-07:00,Merge,,96547.0,,941359.0,53,46.0,,,,
ae1236303ee9c5f99fa89fe5786f8eec79a663c2,51d7f85636911fc202ac022326c6c3fd91888698,2015-09-01 13:33:34-07:00,Merge,,,,,53,47.0,,,,
e25540c9550ce2caec4c023b5016616eae6ac6f4,4a33c9cb44905077268bee0dd070002d22bf3971,2015-09-01 15:24:29-07:00,Merge,,,,,53,47.0,,,,
e25540c9550ce2caec4c023b5016616eae6ac6f4,ae1236303ee9c5f99fa89fe5786f8eec79a663c2,2015-09-01 15:24:29-07:00,Merge,,,,,53,48.0,,,,
f7123ac8c639bc08761b987b4d0e6287a53ebf97,a5fa5673e217a80c7d0948314e21da8215df7022,2015-09-01 15:25:12-07:00,Merge,96524.0,,941484.0,,53,48.0,,,,
f7123ac8c639bc08761b987b4d0e6287a53ebf97,e25540c9550ce2caec4c023b5016616eae6ac6f4,2015-09-01 15:25:12-07:00,Merge,96524.0,,941484.0,,53,49.0,,,,
46ae7e87c7cba397677e6d2a2d1e59c4eff03bdf,f7123ac8c639bc08761b987b4d0e6287a53ebf97,2015-09-01 16:08:13-07:00,Normal,96524.0,96524.0,941484.0,941484.0,53,50.0,0.0,,0.0,
fa9339d9e4816279b75f84809d3939a47277e013,46ae7e87c7cba397677e6d2a2d1e59c4eff03bdf,2015-09-01 16:11:45-07:00,Merge,96524.0,96524.0,941484.0,941484.0,53,50.0,0.0,,0.0,
fa9339d9e4816279b75f84809d3939a47277e013,f7123ac8c639bc08761b987b4d0e6287a53ebf97,2015-09-01 16:11:45-07:00,Merge,96524.0,96524.0,941484.0,941484.0,53,51.0,0.0,,0.0,
9fc8a79e37c1eb752a29623c88e8c98409ea4315,fa9339d9e4816279b75f84809d3939a47277e013,2015-09-01 16:40:11-07:00,Normal,96521.0,96524.0,941505.0,941484.0,53,52.0,21.0,,-3.0,
a918044edd3bc355e17a446b8d2e79a5522b5026,66ff3c133bb3776733dc4bb1e8857fda9c17cd3a,2015-09-01 18:06:36-07:00,Merge,,,,,53,53.0,,,,
a918044edd3bc355e17a446b8d2e79a5522b5026,9fc8a79e37c1eb752a29623c88e8c98409ea4315,2015-09-01 18:06:36-07:00,Merge,,96521.0,,941505.0,53,53.0,,,,
15b30b8b099377b1ddd6868aa13a3141b9e2ac28,a34cdd1e18688812a7e9af7e3a6e8a3e99187229,2015-09-10 17:17:59-07:00,Normal,97463.0,97463.0,951920.0,951920.0,62,54.0,0.0,,0.0,
b225c1d47aa2899d10c480c6e3aab392465f79e1,15b30b8b099377b1ddd6868aa13a3141b9e2ac28,2015-09-10 17:17:59-07:00,Normal,97463.0,97463.0,951920.0,951920.0,62,55.0,0.0,,0.0,
82d64895564fffe43a6b5e1b51440b4cbc960a7a,b225c1d47aa2899d10c480c6e3aab392465f79e1,2015-09-10 17:17:59-07:00,Normal,97463.0,97463.0,951920.0,951920.0,62,56.0,0.0,,0.0,
4c2adabf42e3e8e82dd970703a2aee2291cfa4a9,bafa7627db9ff9cc6f9a3fe75d8ca00a1c753f85,2015-09-11 16:03:22-07:00,Normal,97788.0,97788.0,954890.0,954890.0,63,57.0,0.0,,0.0,
7a0fc719fb988b2cbe789c5911ebcadc83013da8,4c2adabf42e3e8e82dd970703a2aee2291cfa4a9,2015-09-11 16:06:10-07:00,Normal,97787.0,97788.0,954931.0,954890.0,63,58.0,41.0,,-1.0,
ccd9e3e2477224c8ce8b3245b266993d022d5f16,7a0fc719fb988b2cbe789c5911ebcadc83013da8,2015-09-11 16:11:08-07:00,Normal,97787.0,97787.0,954992.0,954931.0,63,59.0,61.0,,0.0,
4d4bbab7de29bdfd2c5ef9008d815865c6bebf43,4c46bc3243648db7b451f19af706971296c86f8a,2015-09-16 17:46:24-07:00,Normal,98066.0,98066.0,959324.0,959326.0,68,60.0,-2.0,,0.0,
50a98d8fc09fdd35a14566c85d21ade40231ae53,0662141f67435927bc14f3694d77edce2c25431e,2015-09-24 10:48:19-07:00,Normal,99024.0,99024.0,971297.0,971278.0,75,61.0,19.0,,0.0,
76a37694f66cd75fef28f5a5b11d3ced0b455a25,50a98d8fc09fdd35a14566c85d21ade40231ae53,2015-09-24 10:49:43-07:00,Normal,99024.0,99024.0,971295.0,971297.0,75,62.0,-2.0,,0.0,
bd7e2e5d8e2263ca9c35500857a4c77547d5c0bf,bd8ee1c4c49c724e80a8f8d59e732ea7855eba8e,2015-09-30 16:25:11-07:00,Normal,108739.0,108739.0,1008518.0,1008518.0,82,63.0,0.0,,0.0,
377e5c533b64b56892a8fdf555206f69824a5d18,fafb00db7ab41a0dfa79001a3b46b270c7d5ddb0,2015-10-06 18:15:21-07:00,Normal,109279.0,109270.0,1016307.0,1016160.0,88,64.0,147.0,,9.0,
72c1340d34ce6a583b19f1ea42548b1cc18c4532,f8a9943d9073d688620b2bdd7c4eca3a953ab075,2015-10-07 15:59:17-07:00,Normal,108311.0,108311.0,996407.0,996407.0,89,65.0,0.0,,0.0,
4bdb1259a70b6d20102f2c1222bdb92f324dd907,b9c7cf43b291e7aafec371d86108f924b89e4df2,2015-10-14 16:07:46-07:00,Normal,108788.0,108763.0,1023234.0,1023045.0,96,66.0,189.0,,25.0,
57c6dd93ea714154cc3fd39b457f23298ca98402,4bdb1259a70b6d20102f2c1222bdb92f324dd907,2015-10-14 16:18:56-07:00,Normal,108780.0,108788.0,1023233.0,1023234.0,96,67.0,-1.0,,-8.0,
7372e18e0210a3672f0ee275f0c8b63112dc7004,0d7b53a20189c9f2995db70452c6c73818c3d3b2,2015-10-19 15:00:41-07:00,Normal,180653.0,180653.0,1002104.0,1002100.0,101,68.0,4.0,,0.0,
5ac9b16ade4a81dfb29def8e525958a1c7e77111,a5a917603c21217deb166dccac0f6a65f3fb543a,2015-10-21 09:56:36-07:00,Normal,181014.0,180921.0,1006784.0,1003889.0,102,69.0,2895.0,,93.0,
4deda6ea98030b9866191c9b3370788a36506b22,5ac9b16ade4a81dfb29def8e525958a1c7e77111,2015-10-21 09:56:36-07:00,Normal,185355.0,181014.0,1041875.0,1006784.0,102,70.0,35091.0,,4341.0,
e42f5af6a126c301b5fb5681c506bb3f5b06cd0e,42c7fec490c13722a2883077e69468eec1c996f4,2015-10-26 12:32:02-07:00,Merge,,,,,108,70.0,,,,
e42f5af6a126c301b5fb5681c506bb3f5b06cd0e,a094a6e3def6db9c6e3b37c8b0934bb77061bb50,2015-10-26 12:32:02-07:00,Merge,,,,,108,71.0,,,,
b07dd73f26ba3fa140ce4893b7c99ad2e50ad7dd,19115b2a222a4bdf4555a39dc721ed6dfdd9fc56,2015-10-26 13:05:27-07:00,Merge,,,,,108,71.0,,,,
b07dd73f26ba3fa140ce4893b7c99ad2e50ad7dd,e42f5af6a126c301b5fb5681c506bb3f5b06cd0e,2015-10-26 13:05:27-07:00,Merge,,,,,108,72.0,,,,
ebef20144b43f08c47a9fb1c24d36de8e1168c62,de25a3bc08841cbe5179f9188a29326d9b54d5b4,2015-10-26 16:30:34-07:00,Merge,,,,,108,72.0,,,,
ebef20144b43f08c47a9fb1c24d36de8e1168c62,0a822bb7420904e6b155070224e8ceff20254ee1,2015-10-26 16:30:34-07:00,Merge,,,,,108,73.0,,,,
516a9a6784f99b1889d9d341d8ef70efb2cc46c8,33587de7c4cadc1a685998827be164115f33dfa2,2015-10-26 17:05:42-07:00,Merge,,,,,108,73.0,,,,
516a9a6784f99b1889d9d341d8ef70efb2cc46c8,ebef20144b43f08c47a9fb1c24d36de8e1168c62,2015-10-26 17:05:42-07:00,Merge,,,,,108,74.0,,,,
075d760ad41f700445aecbdc01e05c3148e47b32,516a9a6784f99b1889d9d341d8ef70efb2cc46c8,2015-10-26 17:06:42-07:00,Merge,,,,,108,75.0,,,,
075d760ad41f700445aecbdc01e05c3148e47b32,e1b73ed48105be0c03836b379fc163644cd504dc,2015-10-26 17:06:42-07:00,Merge,,,,,108,75.0,,,,
3cc2ae4da6a4b9a56a2fa495a52fe6e25051eb86,075d760ad41f700445aecbdc01e05c3148e47b32,2015-10-26 17:07:18-07:00,Merge,,,,,108,76.0,,,,
3cc2ae4da6a4b9a56a2fa495a52fe6e25051eb86,af355df9a421b6d820b0c620704ee436b857cd6a,2015-10-26 17:07:18-07:00,Merge,,,,,108,76.0,,,,
37ee9584cb57407a84ce859e14e4642d605e8658,6bff8df31c3710f81a4c09129b330115d77d3fb8,2015-10-26 17:17:17-07:00,Merge,,,,,108,76.0,,,,
37ee9584cb57407a84ce859e14e4642d605e8658,3cc2ae4da6a4b9a56a2fa495a52fe6e25051eb86,2015-10-26 17:17:17-07:00,Merge,,,,,108,77.0,,,,
fcd99461ff142036fc70b24a0378b80b9ee0ee57,85379b12ca457e078722b340790d6e5f6e79c611,2015-10-26 17:19:20-07:00,Merge,,,,,108,77.0,,,,
fcd99461ff142036fc70b24a0378b80b9ee0ee57,37ee9584cb57407a84ce859e14e4642d605e8658,2015-10-26 17:19:20-07:00,Merge,,,,,108,78.0,,,,
b7ecbbf7442d27c18e27fa275124dbf2ca88b981,b548a8617e1d713b0999eeff00ddff8742144800,2015-10-27 13:13:29-07:00,Merge,,,,,109,78.0,,,,
b7ecbbf7442d27c18e27fa275124dbf2ca88b981,8aa993266ceced9beed3d1232c9262c6bd9d3cee,2015-10-27 13:13:29-07:00,Merge,,,,,109,79.0,,,,
8524d392bf31ec4370d964a2c030ca7d541f4325,9c4424f0bd55b8f2fb4610a4616fbd5cd30abc9a,2015-10-27 14:28:03-07:00,Merge,,,,,109,79.0,,,,
8524d392bf31ec4370d964a2c030ca7d541f4325,b7ecbbf7442d27c18e27fa275124dbf2ca88b981,2015-10-27 14:28:03-07:00,Merge,,,,,109,80.0,,,,
e1901bf8911cae7b02b815ab90b79edbcc3ca47d,c2f6768cbc08a2722821df9e12995ee47a4404b9,2015-10-27 15:04:57-07:00,Merge,,,,,109,80.0,,,,
e1901bf8911cae7b02b815ab90b79edbcc3ca47d,7fade8e230b24cf16a3462718cd7212b1e2e1bca,2015-10-27 15:04:57-07:00,Merge,,,,,109,81.0,,,,
424afd4cfb2f33e5cbc8adc7787092580b39141d,908edd28274f80db69d0f405d12928dd16db4033,2015-10-27 15:33:32-07:00,Merge,,,,,109,82.0,,,,
424afd4cfb2f33e5cbc8adc7787092580b39141d,583246a22fcbe7cbe515b9d3e8be561e790d66f4,2015-10-27 15:33:32-07:00,Merge,,,,,109,82.0,,,,
6219b50280a34b4f6182338af3717448c9e6a068,73713ce268c10a67707580d79c7b94a50f4bd6ac,2015-10-27 15:44:26-07:00,Merge,,,,,109,82.0,,,,
6219b50280a34b4f6182338af3717448c9e6a068,424afd4cfb2f33e5cbc8adc7787092580b39141d,2015-10-27 15:44:26-07:00,Merge,,,,,109,83.0,,,,
19c1064293c9e94295a2c1abd00ea0ed4ec06ad6,6219b50280a34b4f6182338af3717448c9e6a068,2015-10-27 15:47:16-07:00,Merge,,,,,109,84.0,,,,
19c1064293c9e94295a2c1abd00ea0ed4ec06ad6,e0e482e4c8cd48c9afc4a95a43bf33508896527f,2015-10-27 15:47:16-07:00,Merge,,,,,109,84.0,,,,
3f3ca480be77ddb7542c8775c4103a6df73e981a,19c1064293c9e94295a2c1abd00ea0ed4ec06ad6,2015-10-27 15:47:34-07:00,Merge,,,,,109,85.0,,,,
3f3ca480be77ddb7542c8775c4103a6df73e981a,e5c82d2292d235c54cbbb010947930576b4c2d50,2015-10-27 15:47:34-07:00,Merge,,,,,109,85.0,,,,
b791642480f082cf01267ba9f7f5c87e2573dfb2,3f3ca480be77ddb7542c8775c4103a6df73e981a,2015-10-27 16:42:00-07:00,Merge,,,,,109,86.0,,,,
b791642480f082cf01267ba9f7f5c87e2573dfb2,45b0917b6b1a5788b48256901fcc0248388ef6f5,2015-10-27 16:42:00-07:00,Merge,,,,,109,86.0,,,,
048e42a36cd6f3a6118ef44b8aa51d37e882e46b,bad838f35c120f8baa4286bde2212294698b45ad,2015-11-03 15:14:51-08:00,Normal,194106.0,194106.0,1110549.0,1110426.0,116,87.0,123.0,,0.0,
241551e36ea0c357f6de71027180276d0e708fb7,048e42a36cd6f3a6118ef44b8aa51d37e882e46b,2015-11-03 15:14:51-08:00,Normal,194106.0,194106.0,1111629.0,1110549.0,116,88.0,1080.0,,0.0,
b3fde3beed240f9e024f8948b3774c0aef01c146,241551e36ea0c357f6de71027180276d0e708fb7,2015-11-03 15:15:56-08:00,Normal,194106.0,194106.0,1111629.0,1111629.0,116,89.0,0.0,,0.0,
45a1ec73bb3a0658a482e17c05ef27e2f1bd493a,b6a775ca50bd6c0f396b991cbccfd91e66375ce8,2015-11-06 13:03:58-08:00,Normal,194127.0,194127.0,1112487.0,1112487.0,119,90.0,0.0,,0.0,
874b4f85d94a044587ac41383234beeba3a23622,760309f34975fa5f70fcca1e0d9804883d2ddee3,2015-11-20 14:23:19-08:00,Merge,,,,,133,90.0,,,,
874b4f85d94a044587ac41383234beeba3a23622,a68247bbf7b0678487cbea7277f53183ca00ed54,2015-11-20 14:23:19-08:00,Merge,,,,,133,91.0,,,,
80569e8866966c554a0c293df907f1bf9de368d2,ddd38c3edc8b52d1e8d0d89b9ecc07998e07621a,2015-11-20 14:41:25-08:00,Merge,,,,,133,91.0,,,,
80569e8866966c554a0c293df907f1bf9de368d2,874b4f85d94a044587ac41383234beeba3a23622,2015-11-20 14:41:25-08:00,Merge,,,,,133,92.0,,,,
ad925dd2e819978dd79aeb25b2a71ee0ddbad5f8,d524bd8f525cee63d5a37de65c43737383639b3d,2015-12-02 14:14:49-08:00,Normal,204600.0,204596.0,1150023.0,1149949.0,145,93.0,74.0,,4.0,
56cae7c7197103cf0932d24ac400be55893dd172,ad925dd2e819978dd79aeb25b2a71ee0ddbad5f8,2015-12-02 14:14:50-08:00,Normal,204600.0,204600.0,1150011.0,1150023.0,145,94.0,-12.0,,0.0,
dc5e1ea98f24b6412fec625d4773262f66b472d8,d568a92d6361a3c4d9c5945f6070b1006a909afc,2015-12-08 21:15:24-08:00,Normal,204946.0,204946.0,1156712.0,1156712.0,151,95.0,0.0,,0.0,
930d796120429659821a90507e554d64f85b135d,2a72ff546438d17819f14d972a3e41e1944d1075,2016-01-12 09:59:23-08:00,Merge,,,,,186,96.0,,,,
930d796120429659821a90507e554d64f85b135d,a05d0a869cc21c5458e91c2c7c1e34ad009fed9b,2016-01-12 09:59:23-08:00,Merge,,,,,186,96.0,,,,
3b9d67e6c07e1dcf14701e0144af3fa77f0c69bb,19a2cd23f3185d14a529e559ec66b68d0fc4650e,2016-01-12 10:37:52-08:00,Merge,,,,,186,96.0,,,,
3b9d67e6c07e1dcf14701e0144af3fa77f0c69bb,930d796120429659821a90507e554d64f85b135d,2016-01-12 10:37:52-08:00,Merge,,,,,186,97.0,,,,
3ffcfb928ac8c47e6e4a85ecbb0bd9d530098955,2059a7c3fa1d52556c05b94fdf16266ecbc9b45c,2016-01-12 10:39:19-08:00,Merge,,,,,186,97.0,,,,
3ffcfb928ac8c47e6e4a85ecbb0bd9d530098955,3b9d67e6c07e1dcf14701e0144af3fa77f0c69bb,2016-01-12 10:39:19-08:00,Merge,,,,,186,98.0,,,,
a4442c916fd3c15c9f9eee0648fe2a3828d6ea69,172d7ee32c01464f84c90df477e7bf4069c873bf,2016-01-12 10:42:24-08:00,Merge,,,,,186,98.0,,,,
a4442c916fd3c15c9f9eee0648fe2a3828d6ea69,3ffcfb928ac8c47e6e4a85ecbb0bd9d530098955,2016-01-12 10:42:24-08:00,Merge,,,,,186,99.0,,,,
cb000d7e8e5af6644f2a839d640cb1b28d98cad8,16619eb00895b9cecd70a184476c65df53253b75,2016-01-12 10:44:05-08:00,Merge,,,,,186,99.0,,,,
cb000d7e8e5af6644f2a839d640cb1b28d98cad8,a4442c916fd3c15c9f9eee0648fe2a3828d6ea69,2016-01-12 10:44:05-08:00,Merge,,,,,186,100.0,,,,
44681a9554656eda496c7f1f7da0a60dd17afc81,fba3d1f79eaa632e592685feac211edf70b6729e,2016-01-12 10:44:51-08:00,Merge,,,,,186,100.0,,,,
44681a9554656eda496c7f1f7da0a60dd17afc81,cb000d7e8e5af6644f2a839d640cb1b28d98cad8,2016-01-12 10:44:51-08:00,Merge,,,,,186,101.0,,,,
4e72ded59d750e1880d6692e984e00f06c413e5c,44681a9554656eda496c7f1f7da0a60dd17afc81,2016-01-12 10:45:22-08:00,Merge,,,,,186,102.0,,,,
4e72ded59d750e1880d6692e984e00f06c413e5c,5e1afd993c9ff00b9967bc7e660c88a3e5bf1f17,2016-01-12 10:45:22-08:00,Merge,,,,,186,102.0,,,,
5c556b1b8794fa001a32a027de397c998c2c68a6,ce6114d5aebfffa5177a9567f9510e94b3c16bee,2016-01-13 10:26:01-08:00,Merge,,,,,187,102.0,,,,
5c556b1b8794fa001a32a027de397c998c2c68a6,cfd046f73f0d4aedd7fd240dd13c74fe72abf61c,2016-01-13 10:26:01-08:00,Merge,,,,,187,103.0,,,,
23fd5e9a33c5ab42391deb7704f23166128d3ca4,76f02d562ad9cfabfd0bdb4a84d652667ac56671,2016-01-21 16:41:26-08:00,Normal,230679.0,230679.0,1458039.0,1458032.0,195,104.0,7.0,,0.0,
4fe0a18024f18b718c574d8c5866d88d4b379433,76f02d562ad9cfabfd0bdb4a84d652667ac56671,2016-01-22 10:56:14-08:00,Normal,230679.0,230679.0,1458037.0,1458032.0,196,105.0,5.0,,0.0,
c0ffbd58dbe110337c898df6bedf179b92edcb02,6397b781ac68d1e857f379802ba0fcf3ea83cc66,2016-01-22 16:43:44-08:00,Normal,230716.0,230716.0,1460733.0,1460751.0,196,106.0,-18.0,,0.0,
ac5b954dce8a53ce3172faf9330c66e92478bd2f,10f7985dfba8a2d28908742bffd3e3c49e5c6034,2016-01-25 14:18:17-08:00,Normal,230285.0,230285.0,1461232.0,1461232.0,199,107.0,0.0,,0.0,
46d12b185eb637bd61f4b16f9beaa79183aca7aa,02e6f56b652227cbb82548743adf188053f50eea,2016-01-27 16:18:46-08:00,Normal,230309.0,230291.0,1461737.0,1461281.0,201,108.0,456.0,,18.0,
394e91c4ff5cc54ad3eba5e12c2441ef7835a595,2aff6ccf06f5c3f27acc5ba1632d6429ab26eabd,2016-01-28 15:50:39-08:00,Normal,230801.0,230801.0,1466624.0,1466621.0,202,109.0,3.0,,0.0,
22b43d8f828d8a74e40471459711d1f43e71e106,2aff6ccf06f5c3f27acc5ba1632d6429ab26eabd,2016-01-28 16:07:08-08:00,Normal,230801.0,230801.0,1466621.0,1466621.0,202,110.0,0.0,,0.0,
546637dc6f5b3696ecd27fa9a972ee39da41fa96,7d2f2f4b8906a432723db0eaafc6f7fdcf780ae1,2016-01-29 11:47:33-08:00,Normal,231114.0,231114.0,1469659.0,1469659.0,203,111.0,0.0,,0.0,
4a7d70aef1016c3f1a1ea07398ec56cf1fdce68a,92ec286eccaeea429d19975b7e991eb89da67e90,2016-02-01 15:36:15-08:00,Normal,236246.0,236226.0,1511172.0,1511031.0,206,112.0,141.0,,20.0,
26683fda29e6f342cd599484b69ccc03dd3c30de,4a7d70aef1016c3f1a1ea07398ec56cf1fdce68a,2016-02-01 15:36:15-08:00,Normal,236252.0,236246.0,1511244.0,1511172.0,206,113.0,72.0,,6.0,
5d713bb6aab4a3cf75e03f4cfa67b8398db34004,26683fda29e6f342cd599484b69ccc03dd3c30de,2016-02-01 15:36:15-08:00,Normal,236252.0,236252.0,1511248.0,1511244.0,206,114.0,4.0,,0.0,
24b8125bb11f0debf6418b4e1340bd8c8f8274e9,210bac10c9cdd1e50210509f6cca63cea5fa707e,2016-02-03 10:15:38-08:00,Normal,236536.0,236536.0,1508427.0,1508427.0,208,115.0,0.0,,0.0,
f28c368550d8b24d2149c97c8c5a96f0e6e02a96,2084fba1999e37d16f857d9a9658d74664c7d37e,2016-02-04 17:09:25-08:00,Merge,,,,,209,116.0,,,,
f28c368550d8b24d2149c97c8c5a96f0e6e02a96,321a10a2d527aab3ebd4f3b2fb93e5c801557336,2016-02-04 17:09:25-08:00,Merge,,,,,209,116.0,,,,
e6639de333cdab9331f4a935d08b02884cf18a03,470d7af8c9d8921b2a61b6d56a52756a5ac7e860,2016-02-04 23:16:02-08:00,Merge,,,,,209,116.0,,,,
e6639de333cdab9331f4a935d08b02884cf18a03,df6ac92976ae4d3a4e091de5b1bbd0b75fc51cd4,2016-02-04 23:16:02-08:00,Merge,,,,,209,117.0,,,,
9a76c022ecd26199f5757ee7b3565ee014715ade,63b61a7205b17679e24bb0c1b6c37dded1bb3e0a,2016-02-04 23:16:44-08:00,Merge,,,,,209,117.0,,,,
9a76c022ecd26199f5757ee7b3565ee014715ade,e6639de333cdab9331f4a935d08b02884cf18a03,2016-02-04 23:16:44-08:00,Merge,,,,,209,118.0,,,,
f932f3aea28091d5265aa1a57e8bcc6b062abc20,c929d81d524c1b6afded30d44a0f1d039bbfd0e3,2016-02-04 23:17:20-08:00,Merge,,,,,209,118.0,,,,
f932f3aea28091d5265aa1a57e8bcc6b062abc20,9a76c022ecd26199f5757ee7b3565ee014715ade,2016-02-04 23:17:20-08:00,Merge,,,,,209,119.0,,,,
d84ac764a9949513e0e7fb0cf3d3d1544bde17b7,eba2c56566ba34e8f91dfbf2753c1a6b98179827,2016-02-04 23:17:40-08:00,Merge,,,,,209,119.0,,,,
d84ac764a9949513e0e7fb0cf3d3d1544bde17b7,f932f3aea28091d5265aa1a57e8bcc6b062abc20,2016-02-04 23:17:40-08:00,Merge,,,,,209,120.0,,,,
c399b49c29ea1efdd9d6cea1490e7cfad3f7714c,02dec92b1dea7b31293080620b534d159e5f87c2,2016-02-04 23:19:08-08:00,Merge,,,,,209,120.0,,,,
c399b49c29ea1efdd9d6cea1490e7cfad3f7714c,d84ac764a9949513e0e7fb0cf3d3d1544bde17b7,2016-02-04 23:19:08-08:00,Merge,,,,,209,121.0,,,,
62e0eed21c6f74fe4c335564fb888e8e044695de,c399b49c29ea1efdd9d6cea1490e7cfad3f7714c,2016-02-04 23:24:15-08:00,Merge,,,,,209,122.0,,,,
62e0eed21c6f74fe4c335564fb888e8e044695de,e7c3cb22ee5257930635a4b64219cad19598a3ba,2016-02-04 23:24:15-08:00,Merge,,,,,209,122.0,,,,
15df7c7251e6fdbafcda5cb0226df415a6c1d625,cf4ad07adc65ac5224d8d44d1982f858de3d1eb8,2016-02-04 23:26:05-08:00,Merge,,,,,209,122.0,,,,
15df7c7251e6fdbafcda5cb0226df415a6c1d625,62e0eed21c6f74fe4c335564fb888e8e044695de,2016-02-04 23:26:05-08:00,Merge,,,,,209,123.0,,,,
2e7993e05708c484a69291c6ddeef6f3bcc9ee23,0d772a7a529208cc70432ddee0b24c907312d10c,2016-02-04 23:27:47-08:00,Merge,,,,,209,123.0,,,,
2e7993e05708c484a69291c6ddeef6f3bcc9ee23,15df7c7251e6fdbafcda5cb0226df415a6c1d625,2016-02-04 23:27:47-08:00,Merge,,,,,209,124.0,,,,
67065b8460ca1a0f1161b64f6c6ea8b48269ffc1,d3639aff7397dd0f0d3553b82043401ff834a356,2016-02-05 00:03:38-08:00,Merge,,,,,209,124.0,,,,
67065b8460ca1a0f1161b64f6c6ea8b48269ffc1,2e7993e05708c484a69291c6ddeef6f3bcc9ee23,2016-02-05 00:03:38-08:00,Merge,,,,,209,125.0,,,,
b278c6acd99716c9c286463ae4c75c09a9c1f65d,24b8125bb11f0debf6418b4e1340bd8c8f8274e9,2016-02-05 14:01:07-08:00,Merge,,236536.0,,1508427.0,210,125.0,,,,
b278c6acd99716c9c286463ae4c75c09a9c1f65d,b4c16ef9ebf90b2f761b688a3f17ee3cd5699c32,2016-02-05 14:01:07-08:00,Merge,,,,,210,126.0,,,,
75e1451363c700ff96ad0b78df561c7975b06108,bb9457e7a3976cb71e7407b5fbd5d02d3dd68c97,2016-02-05 14:01:43-08:00,Merge,,,,,210,126.0,,,,
75e1451363c700ff96ad0b78df561c7975b06108,b278c6acd99716c9c286463ae4c75c09a9c1f65d,2016-02-05 14:01:43-08:00,Merge,,,,,210,127.0,,,,
1c7b5e126ab5ee737595baa4951456a37f26d46b,ff35d97663ed8918e1aeeff327d2ab2040c8db33,2016-02-05 14:02:30-08:00,Merge,,,,,210,127.0,,,,
1c7b5e126ab5ee737595baa4951456a37f26d46b,75e1451363c700ff96ad0b78df561c7975b06108,2016-02-05 14:02:30-08:00,Merge,,,,,210,128.0,,,,
9441721fee3027b1d44a4adcc12eed1583d7260c,714d12cf724191547330ff50a4878510fb74570e,2016-02-05 14:08:37-08:00,Merge,,,,,210,128.0,,,,
9441721fee3027b1d44a4adcc12eed1583d7260c,1c7b5e126ab5ee737595baa4951456a37f26d46b,2016-02-05 14:08:37-08:00,Merge,,,,,210,129.0,,,,
f973af25facd0e9acafd1a712ec0bcb06117e906,6b20879a7f3d4c11aa64863b9adb5a711158559f,2016-02-05 15:49:08-08:00,Merge,,,,,210,130.0,,,,
f973af25facd0e9acafd1a712ec0bcb06117e906,184440f8ef96194b375acfa2c21ffa9f90e15e93,2016-02-05 15:49:08-08:00,Merge,,,,,210,130.0,,,,
75c1dcaacd1dae7a5a5081d6f4b5e85c64e7b935,f973af25facd0e9acafd1a712ec0bcb06117e906,2016-02-05 15:49:28-08:00,Merge,,,,,210,131.0,,,,
75c1dcaacd1dae7a5a5081d6f4b5e85c64e7b935,b103f0f27996975e0f8dd915e7ed71ada2328765,2016-02-05 15:49:28-08:00,Merge,,,,,210,131.0,,,,
82e928d71bc898505cfc56b696a96b3253105fce,26b91926b25d258d10948ecd220c5d7ad2a31a5b,2016-02-05 15:50:27-08:00,Merge,,,,,210,131.0,,,,
82e928d71bc898505cfc56b696a96b3253105fce,75c1dcaacd1dae7a5a5081d6f4b5e85c64e7b935,2016-02-05 15:50:27-08:00,Merge,,,,,210,132.0,,,,
5fe99f44c8943b9e7f3865b46f0fc38b90db75b8,ee4e60d78cf00229d7aab8886657e70e0d1a1d59,2016-02-05 15:51:12-08:00,Merge,,,,,210,132.0,,,,
5fe99f44c8943b9e7f3865b46f0fc38b90db75b8,82e928d71bc898505cfc56b696a96b3253105fce,2016-02-05 15:51:12-08:00,Merge,,,,,210,133.0,,,,
9b68e8ec2bb188751516a22049b43601ea977bed,8e615df0005d56292714ae74fe0369580aa21a04,2016-02-05 15:51:50-08:00,Merge,,,,,210,133.0,,,,
9b68e8ec2bb188751516a22049b43601ea977bed,5fe99f44c8943b9e7f3865b46f0fc38b90db75b8,2016-02-05 15:51:50-08:00,Merge,,,,,210,134.0,,,,
60cc5d10b71aed16e04b121bc0cb495a088c6d4a,7a59683e418010963fb633bd930a1b76b5a08ed4,2016-02-05 15:52:34-08:00,Merge,,,,,210,134.0,,,,
60cc5d10b71aed16e04b121bc0cb495a088c6d4a,9b68e8ec2bb188751516a22049b43601ea977bed,2016-02-05 15:52:34-08:00,Merge,,,,,210,135.0,,,,
8f3eb936262fa84d14c1591bd3b3c0b4d073004e,a2f68e2591f5e900827e6b65f0e28091c30ce2af,2016-02-05 16:03:07-08:00,Merge,,,,,210,135.0,,,,
8f3eb936262fa84d14c1591bd3b3c0b4d073004e,60cc5d10b71aed16e04b121bc0cb495a088c6d4a,2016-02-05 16:03:07-08:00,Merge,,,,,210,136.0,,,,
7ec7eb3173856ce4a195ed304367d9e772353b8e,8163b6ce9726a5b24f5199270d495fc25f1edce9,2016-02-05 16:52:17-08:00,Merge,,,,,210,137.0,,,,
7ec7eb3173856ce4a195ed304367d9e772353b8e,0bcab9ab114291ad8d7367fb5cf9da804649d016,2016-02-05 16:52:17-08:00,Merge,,,,,210,137.0,,,,
da10ef387f324790e57cda262aece375ffd70340,b1743a688727f96571327a5173b420c06cabe1a0,2016-02-05 17:07:47-08:00,Merge,,,,,210,137.0,,,,
da10ef387f324790e57cda262aece375ffd70340,7ec7eb3173856ce4a195ed304367d9e772353b8e,2016-02-05 17:07:47-08:00,Merge,,,,,210,138.0,,,,
4e85d42f998f5e3e5f7c49e214c1c2345f7cbe60,c75e344b475e1072ed3025cf8d089b172df670ec,2016-02-09 00:12:19-08:00,Normal,244621.0,244621.0,1532937.0,1532938.0,213,139.0,-1.0,,0.0,
74400c33aedc7754eab89f6b542801a93e3dc840,d9705940d6ae82007a2be93a87d4552255ef1f10,2016-02-15 21:39:00+01:00,Normal,250463.0,250457.0,1558147.0,1557923.0,220,140.0,224.0,,6.0,
3fb020b28d1fb386de923adcf5fbbea74b075cde,4d59d700c24ac443b8d9db7b44cb0ceb419e3536,2016-02-19 17:45:02-08:00,Normal,251494.0,251494.0,1569742.0,1569721.0,224,141.0,21.0,,0.0,
a8b943dddd1fe21135c4134d3c94720f08ccbead,9a12c0a5eab2ed90abe5211d6918fd064c89dbbf,2016-02-19 23:14:53-08:00,Normal,251512.0,251532.0,1570670.0,1570738.0,224,142.0,-68.0,,-20.0,
ca35f96b0e634a6576161217b829f4a7825e2a15,a8b943dddd1fe21135c4134d3c94720f08ccbead,2016-02-19 23:15:25-08:00,Merge,,251512.0,,1570670.0,224,142.0,,,,
ca35f96b0e634a6576161217b829f4a7825e2a15,9a12c0a5eab2ed90abe5211d6918fd064c89dbbf,2016-02-19 23:15:25-08:00,Merge,,251532.0,,1570738.0,224,143.0,,,,
9d87b47d772bc4150e0eb42cbee8317f0b9d69bc,6cecf2b357e73587b3ab5a3ed73ed0c80e343b76,2016-02-22 17:43:25-08:00,Normal,255863.0,255863.0,1582303.0,1582291.0,227,144.0,12.0,,0.0,
6afe858b449d717b777cfc810c9b008ef716c7e1,c1bd13ec4bcedfecf9ecbfe460c156f6b4809716,2016-02-23 14:51:12-08:00,Normal,255882.0,255882.0,1582992.0,1582991.0,228,145.0,1.0,,0.0,
1c54e411344b57f0a46f9993a1c82dc18c3533dc,f899a40c8555c97831a8751c5d9b80109f1376d5,2016-03-14 14:46:54-07:00,Normal,257100.0,257100.0,1601591.0,1601588.0,248,146.0,3.0,,0.0,
97acf8ca6960253f6b00db3765ecc00a18bfba35,c6a26112bd61a8397bf2daa36db7fcfbf109afb6,2016-04-13 09:59:03-07:00,Merge,,,,,277,146.0,,,,
97acf8ca6960253f6b00db3765ecc00a18bfba35,ae57644172f50a083cd1b12859690620608d22b2,2016-04-13 09:59:03-07:00,Merge,,,,,277,147.0,,,,
4983a8fd55ea62ad349609ed728705ace12c7e4b,f2db7d07a35cf4e7507bca637cd2e11042ca09c5,2016-04-13 14:18:38-07:00,Merge,,,,,278,148.0,,,,
4983a8fd55ea62ad349609ed728705ace12c7e4b,988f16a1e2edc9ed75c2c1b1bde4ef37ae70b643,2016-04-13 14:18:38-07:00,Merge,,,,,278,148.0,,,,
498dc418edbd5a56fdc6e9320d500b010b40b615,36970deecac302b99c13033a5ced71a7218dab7f,2016-04-13 14:20:51-07:00,Merge,,,,,278,148.0,,,,
498dc418edbd5a56fdc6e9320d500b010b40b615,4983a8fd55ea62ad349609ed728705ace12c7e4b,2016-04-13 14:20:51-07:00,Merge,,,,,278,149.0,,,,
4c539bf08220945bdf0c398af03167b79d2ee093,53f433f019ca6c13abd91b15552d7a6e1edfd0f3,2016-04-13 14:22:05-07:00,Merge,,,,,278,149.0,,,,
4c539bf08220945bdf0c398af03167b79d2ee093,498dc418edbd5a56fdc6e9320d500b010b40b615,2016-04-13 14:22:05-07:00,Merge,,,,,278,150.0,,,,
e99f05a9bbed8c932be0f43f526c49d769e144fc,ad9f9d2ce02d1451a3ade59f2e679115eeae37c1,2016-04-13 14:24:20-07:00,Merge,,,,,278,150.0,,,,
e99f05a9bbed8c932be0f43f526c49d769e144fc,4c539bf08220945bdf0c398af03167b79d2ee093,2016-04-13 14:24:20-07:00,Merge,,,,,278,151.0,,,,
e10604dcf47bf0d0ae1e5ed78fbe97132d9829e7,59077722f2cc978a0b5c01c3ef9ac14ccf4716d6,2016-04-13 14:36:27-07:00,Merge,,,,,278,151.0,,,,
e10604dcf47bf0d0ae1e5ed78fbe97132d9829e7,e99f05a9bbed8c932be0f43f526c49d769e144fc,2016-04-13 14:36:27-07:00,Merge,,,,,278,152.0,,,,
d19bc6b2450dc05979342c9281dd759b5ed34b23,e79483ab0bf089d9577b9438f2c5b82fca700a18,2016-04-13 17:15:25-07:00,Merge,,,,,278,152.0,,,,
d19bc6b2450dc05979342c9281dd759b5ed34b23,20eccc24cd8549972c24fb1690cb2708b741d008,2016-04-13 17:15:25-07:00,Merge,,,,,278,153.0,,,,
84e49854e1eaa59214846b86341fc98c74ca4625,6df648d018ef4e30ecd26bf5f6018f19babe29e9,2016-04-14 11:25:22-07:00,Merge,,,,,279,153.0,,,,
84e49854e1eaa59214846b86341fc98c74ca4625,d800dca7f8d4a484a12f1d94b16e902e95f86b23,2016-04-14 11:25:22-07:00,Merge,,,,,279,154.0,,,,
490c68dbe3cee0d2a83af2689ab04ae9f93a7aa5,81265b8f850cdaa0d6b8ffb23267d30c4481248a,2016-04-14 11:30:21-07:00,Merge,,,,,279,154.0,,,,
490c68dbe3cee0d2a83af2689ab04ae9f93a7aa5,84e49854e1eaa59214846b86341fc98c74ca4625,2016-04-14 11:30:21-07:00,Merge,,,,,279,155.0,,,,
4389aa13649653da0518f54909e90bfb7a9d2c66,4559a84d3b3b8e9d286f17ee2d74c03dbed86be9,2016-04-14 15:10:37-07:00,Merge,,,,,279,155.0,,,,
4389aa13649653da0518f54909e90bfb7a9d2c66,5cc7c9565f5076db412fc3f14ea576d2ef2a0dcf,2016-04-14 15:10:37-07:00,Merge,,,,,279,156.0,,,,
a4e0aaab9d137f263c8940987958c409ce0f26f9,d82a8cb282c8933ea8c60c097e8a8f0b90ba94a5,2016-04-14 15:12:09-07:00,Merge,,,,,279,156.0,,,,
a4e0aaab9d137f263c8940987958c409ce0f26f9,4389aa13649653da0518f54909e90bfb7a9d2c66,2016-04-14 15:12:09-07:00,Merge,,,,,279,157.0,,,,
1d96b4c55b6b4e6bc9bda5d12a7b99834056bdf4,ac4c545b91345122801e19919e917cedd3cb4753,2016-04-14 15:12:45-07:00,Merge,,,,,279,157.0,,,,
1d96b4c55b6b4e6bc9bda5d12a7b99834056bdf4,a4e0aaab9d137f263c8940987958c409ce0f26f9,2016-04-14 15:12:45-07:00,Merge,,,,,279,158.0,,,,
276665f774490d823feed484483275bdfb68c88f,b00ade13e54ad69d96aa2e1439af7a4bd4fdfc23,2016-04-14 15:52:12-07:00,Merge,,,,,279,158.0,,,,
276665f774490d823feed484483275bdfb68c88f,1d96b4c55b6b4e6bc9bda5d12a7b99834056bdf4,2016-04-14 15:52:12-07:00,Merge,,,,,279,159.0,,,,
f778cb3bc72afdd607bf0f90b7b7cff928e17a53,f4f04e2985d5624240e8b56e7bedb25e9c8b8691,2016-04-14 16:22:03-07:00,Merge,,,,,279,159.0,,,,
f778cb3bc72afdd607bf0f90b7b7cff928e17a53,276665f774490d823feed484483275bdfb68c88f,2016-04-14 16:22:03-07:00,Merge,,,,,279,160.0,,,,
d8532e074621331e6fce8d95dbdfb4bf2d738592,21e664aa9526076cf72ea27aa69bfbe578bf8a1b,2016-04-14 16:23:11-07:00,Merge,,,,,279,160.0,,,,
d8532e074621331e6fce8d95dbdfb4bf2d738592,f778cb3bc72afdd607bf0f90b7b7cff928e17a53,2016-04-14 16:23:11-07:00,Merge,,,,,279,161.0,,,,
7e666e08651ef92622723f5611437455ca8c59a9,8e8c55a323344c62b5a849f809c3d7f019c4363a,2016-04-14 16:53:51-07:00,Merge,,,,,279,161.0,,,,
7e666e08651ef92622723f5611437455ca8c59a9,d8532e074621331e6fce8d95dbdfb4bf2d738592,2016-04-14 16:53:51-07:00,Merge,,,,,279,162.0,,,,
a42d7fa31c6185f846b2624954f249d1bfa37359,ea3467f8225ea513365c086dc3920018b8b154e2,2016-04-14 16:55:07-07:00,Merge,,,,,279,162.0,,,,
a42d7fa31c6185f846b2624954f249d1bfa37359,7e666e08651ef92622723f5611437455ca8c59a9,2016-04-14 16:55:07-07:00,Merge,,,,,279,163.0,,,,
86b7dbb2c6fa02868aabb634c5e54e27a0031828,a42d7fa31c6185f846b2624954f249d1bfa37359,2016-04-14 16:55:47-07:00,Merge,,,,,279,164.0,,,,
86b7dbb2c6fa02868aabb634c5e54e27a0031828,8fb7ee38b04f911aa2bd4279a16fd80ef938ec07,2016-04-14 16:55:47-07:00,Merge,,,,,279,164.0,,,,
f0fad8ec3d1cedeb9457685718847847d957cdde,86b7dbb2c6fa02868aabb634c5e54e27a0031828,2016-04-14 16:56:07-07:00,Merge,,,,,279,165.0,,,,
f0fad8ec3d1cedeb9457685718847847d957cdde,31cd4c124d357e431f4aae11c72c2ec98b2bd025,2016-04-14 16:56:07-07:00,Merge,,,,,279,165.0,,,,
225f4786afc9e0f2106690e871b0927207382897,c36e965c453a4a31d4f5dbc9db59b22a93248d03,2016-04-14 16:56:33-07:00,Merge,,,,,279,165.0,,,,
225f4786afc9e0f2106690e871b0927207382897,f0fad8ec3d1cedeb9457685718847847d957cdde,2016-04-14 16:56:33-07:00,Merge,,,,,279,166.0,,,,
597e26bd22330323c826b673624879aa62d3e8e1,53b48fb4147a8d5ee85a6c755ba3e631ccd6ae7a,2016-04-14 16:57:09-07:00,Merge,,,,,279,166.0,,,,
597e26bd22330323c826b673624879aa62d3e8e1,225f4786afc9e0f2106690e871b0927207382897,2016-04-14 16:57:09-07:00,Merge,,,,,279,167.0,,,,
bbe52993711bd4b8e503e105c78cc2d6a94f2a1e,c9d34870ed8970fe5c9f5a58562a3a67f758cfef,2016-04-14 16:59:48-07:00,Merge,,,,,279,167.0,,,,
bbe52993711bd4b8e503e105c78cc2d6a94f2a1e,597e26bd22330323c826b673624879aa62d3e8e1,2016-04-14 16:59:48-07:00,Merge,,,,,279,168.0,,,,
6320e41b4f81e23a24968565d74e3eb37aecd56b,845451c8aff1fe1d85e15461cce241fc61419aca,2016-04-14 17:22:23-07:00,Merge,,,,,279,168.0,,,,
6320e41b4f81e23a24968565d74e3eb37aecd56b,bbe52993711bd4b8e503e105c78cc2d6a94f2a1e,2016-04-14 17:22:23-07:00,Merge,,,,,279,169.0,,,,
d1de30cd6c64fe6b464f443bf271dcc67565615a,be21fe786bffcb4a6d2e1402d7ed436b35b997c9,2016-05-03 16:37:28-07:00,Normal,293232.0,293232.0,1755614.0,1755610.0,298,170.0,4.0,,0.0,
8ac89346db2c07b3e6067e3a7a009bb1bff30d53,56d1afba5cb4ee2c72cea990abae9f8310c00a76,2016-05-04 13:01:43-07:00,Normal,293232.0,293232.0,1755610.0,1755610.0,299,171.0,0.0,,0.0,
995f022808d1407897a5b23373484ac683534390,e09ce3668bed0ec590420552c17403c1570db8fb,2016-05-05 11:19:12-07:00,Normal,293168.0,293168.0,1755434.0,1755422.0,300,172.0,12.0,,0.0,
ae27975300e0d3bfad90d2b46e9492dcfcd0092d,ff37fb6df8142a89b8473f30bd6e56278972a3ff,2016-05-18 14:44:16-07:00,Merge,,,,,313,173.0,,,,
ae27975300e0d3bfad90d2b46e9492dcfcd0092d,03268e44c0b5f585063c67bb1060fd9dbf041a1a,2016-05-18 14:44:16-07:00,Merge,,,,,313,173.0,,,,
6dc1437015d996832e19b20e08535e5869d6a15e,ae27975300e0d3bfad90d2b46e9492dcfcd0092d,2016-05-18 14:48:43-07:00,Merge,,,,,313,174.0,,,,
6dc1437015d996832e19b20e08535e5869d6a15e,4a39cc9dd38ae57807790d3d4f39eb13d2f095ec,2016-05-18 14:48:43-07:00,Merge,,,,,313,174.0,,,,
01cf9869fcecb7d396901d887a8b4882dd499142,63494f6f064eb95abd49cd0eee9c75109f5592a6,2016-05-18 15:04:32-07:00,Merge,,,,,313,174.0,,,,
01cf9869fcecb7d396901d887a8b4882dd499142,6dc1437015d996832e19b20e08535e5869d6a15e,2016-05-18 15:04:32-07:00,Merge,,,,,313,175.0,,,,
c4889dd8268d1f1def711c74c595100b76d2b2fd,c7bfbe64604b6def7c82e68b962900df7f98be69,2016-05-18 17:22:54-07:00,Merge,,,,,313,175.0,,,,
c4889dd8268d1f1def711c74c595100b76d2b2fd,35c9ca853a084a4ea04debe027c6ea680fd9ddac,2016-05-18 17:22:54-07:00,Merge,,,,,313,176.0,,,,
0bda969cd5346da74d2a9ce78845d865b6c512f1,326b2132311214b274b833584578fd7f81d6a659,2016-05-18 17:24:09-07:00,Merge,,,,,313,176.0,,,,
0bda969cd5346da74d2a9ce78845d865b6c512f1,c4889dd8268d1f1def711c74c595100b76d2b2fd,2016-05-18 17:24:09-07:00,Merge,,,,,313,177.0,,,,
aabc0a3df71256c3ace98252ee89ee0524e8654a,a737e1eba13262a4e47b65bba2a861d9b6550943,2016-05-18 17:28:32-07:00,Merge,,,,,313,177.0,,,,
aabc0a3df71256c3ace98252ee89ee0524e8654a,0bda969cd5346da74d2a9ce78845d865b6c512f1,2016-05-18 17:28:32-07:00,Merge,,,,,313,178.0,,,,
98c91b97874d9ab23c5a6c51533260a56794e344,48a21be72b909e2f515cca68c569a8a7e73aea72,2016-05-18 17:29:57-07:00,Merge,,,,,313,178.0,,,,
98c91b97874d9ab23c5a6c51533260a56794e344,aabc0a3df71256c3ace98252ee89ee0524e8654a,2016-05-18 17:29:57-07:00,Merge,,,,,313,179.0,,,,
92f34ca83e5ed773443668b5749855bfbcdb3d78,98c91b97874d9ab23c5a6c51533260a56794e344,2016-05-18 17:30:14-07:00,Merge,,,,,313,180.0,,,,
92f34ca83e5ed773443668b5749855bfbcdb3d78,5572a1e1f3d21bb19b9714b44dc2f54265f18b6b,2016-05-18 17:30:14-07:00,Merge,,,,,313,180.0,,,,
c443329d677f368ab883ac66f2d63594e303c461,52811375d1d92e796eac5643d31ded3728b8e951,2016-05-18 17:31:44-07:00,Merge,,,,,313,180.0,,,,
c443329d677f368ab883ac66f2d63594e303c461,92f34ca83e5ed773443668b5749855bfbcdb3d78,2016-05-18 17:31:44-07:00,Merge,,,,,313,181.0,,,,
28333a0041c430ed2e4a8f4bd2109b8145e51b01,4ef33834d3e0edafa6e7ff9870a125ed86bdf271,2016-05-18 17:56:08-07:00,Merge,238464.0,,998952.0,,313,181.0,,,,
28333a0041c430ed2e4a8f4bd2109b8145e51b01,c443329d677f368ab883ac66f2d63594e303c461,2016-05-18 17:56:08-07:00,Merge,238464.0,,998952.0,,313,182.0,,,,
40f53b176504c0b516ec858055dafb72236bfdd1,28333a0041c430ed2e4a8f4bd2109b8145e51b01,2016-05-18 21:31:28-07:00,Normal,238464.0,238464.0,998952.0,998952.0,313,183.0,0.0,,0.0,
f538d6019dbe20a161e5475f910f4b64ff8cd569,40f53b176504c0b516ec858055dafb72236bfdd1,2016-05-18 21:31:56-07:00,Merge,,238464.0,,998952.0,313,183.0,,,,
f538d6019dbe20a161e5475f910f4b64ff8cd569,28333a0041c430ed2e4a8f4bd2109b8145e51b01,2016-05-18 21:31:56-07:00,Merge,,238464.0,,998952.0,313,184.0,,,,
5448400b1c192f85bec38cc16d6de675e3025dec,2c9b83f291e3e506acc3c08cd10652c255f86f79,2016-05-19 16:56:48-07:00,Merge,,,,,314,184.0,,,,
5448400b1c192f85bec38cc16d6de675e3025dec,1cce15659750d90064882738425115ec547c1634,2016-05-19 16:56:48-07:00,Merge,,,,,314,185.0,,,,
1a64ae88b74441fc925008b07198719f87fed36e,4d551d640d4730675f458250aee91ef982cdacff,2016-05-19 16:57:13-07:00,Merge,,,,,314,185.0,,,,
1a64ae88b74441fc925008b07198719f87fed36e,5448400b1c192f85bec38cc16d6de675e3025dec,2016-05-19 16:57:13-07:00,Merge,,,,,314,186.0,,,,
8e7b7a2f9aff6965af941b214110465b17d32131,505fb857260bc2f661d70c59037e6a1328020891,2016-05-19 21:44:31-07:00,Normal,239419.0,239419.0,1001685.0,1001682.0,314,187.0,3.0,,0.0,
e8ff608901be615d48457235dee3a6fbabf6cc71,505fb857260bc2f661d70c59037e6a1328020891,2016-05-19 21:45:45-07:00,Merge,,239419.0,,1001682.0,314,188.0,,,,
e8ff608901be615d48457235dee3a6fbabf6cc71,8e7b7a2f9aff6965af941b214110465b17d32131,2016-05-19 21:45:45-07:00,Merge,,239419.0,,1001685.0,314,188.0,,,,
785f1c31a63832e8bd0959b692f329b1d6819b9d,8e7b7a2f9aff6965af941b214110465b17d32131,2016-05-19 22:04:50-07:00,Normal,239419.0,239419.0,1001685.0,1001685.0,314,189.0,0.0,,0.0,
4a78db61370df83a37957490749f7d171b00c28a,e8ff608901be615d48457235dee3a6fbabf6cc71,2016-05-19 22:07:40-07:00,Merge,,,,,314,190.0,,,,
4a78db61370df83a37957490749f7d171b00c28a,785f1c31a63832e8bd0959b692f329b1d6819b9d,2016-05-19 22:07:40-07:00,Merge,,239419.0,,1001685.0,314,190.0,,,,
5de03a877618b1078e294dcb8fdb4f6543fafd6b,cd700ee3eb58e8cef9f098a8c75746a30f0c6961,2016-05-26 22:16:17-07:00,Normal,247042.0,247042.0,1021958.0,1021958.0,321,191.0,0.0,,0.0,
476bdcceccb3f4081fd6b7c68ae377e853e6ff84,5de03a877618b1078e294dcb8fdb4f6543fafd6b,2016-05-26 22:17:43-07:00,Merge,,247042.0,,1021958.0,321,191.0,,,,
476bdcceccb3f4081fd6b7c68ae377e853e6ff84,cd700ee3eb58e8cef9f098a8c75746a30f0c6961,2016-05-26 22:17:43-07:00,Merge,,247042.0,,1021958.0,321,192.0,,,,
8faa88626d4eb2c30286d9e5b7801edbe54a6a12,34dcea303779114751f282df90e9fc4f18069b85,2016-06-08 17:22:12-07:00,Normal,248630.0,248630.0,1035450.0,1035450.0,334,193.0,0.0,,0.0,
adcd48ccea67f79eeaebfc998bc7c4b27ae4c55d,8faa88626d4eb2c30286d9e5b7801edbe54a6a12,2016-06-08 17:22:12-07:00,Normal,248630.0,248630.0,1035450.0,1035450.0,334,194.0,0.0,,0.0,
1d25410c3b4a412bdb3af52a4d855297554121b8,adcd48ccea67f79eeaebfc998bc7c4b27ae4c55d,2016-06-08 17:25:21-07:00,Normal,248630.0,248630.0,1035450.0,1035450.0,334,195.0,0.0,,0.0,
6e6ae452e5494b3a83cbb4316e221ca8d7982f3f,6419b43a1fc3f4621fd13bad3185a72515f34c41,2016-06-12 13:33:31-07:00,Normal,248828.0,248828.0,1037911.0,1037907.0,338,196.0,4.0,,0.0,
6573ede247b329ff506d7bfaa033d5acb1e650d6,6e6ae452e5494b3a83cbb4316e221ca8d7982f3f,2016-06-12 13:35:56-07:00,Merge,,248828.0,,1037911.0,338,196.0,,,,
6573ede247b329ff506d7bfaa033d5acb1e650d6,6419b43a1fc3f4621fd13bad3185a72515f34c41,2016-06-12 13:35:56-07:00,Merge,,248828.0,,1037907.0,338,197.0,,,,
afa8da2f5b735fbe11ca2cd92ff24698a184679f,f49c976bea827a6596e97bc00d2e3864309da6aa,2016-06-14 09:13:33-07:00,Merge,,,,,339,197.0,,,,
afa8da2f5b735fbe11ca2cd92ff24698a184679f,939ad4115a2a96f1e18758ec45b7d312bec65aa7,2016-06-14 09:13:33-07:00,Merge,,,,,339,198.0,,,,
5617360d39aba337f1617775ad97850ad27361f8,6209b1b60cd0d9717663aacb356a5a10753745f7,2016-06-15 14:43:06-07:00,Merge,,,,,341,199.0,,,,
5617360d39aba337f1617775ad97850ad27361f8,2bff72b76998c0e935cf300f9bcc0d9bd3edb694,2016-06-15 14:43:06-07:00,Merge,,,,,341,199.0,,,,
f9ae3a1a2afb336315197734a09225d7e1b1dd0b,38cd0d078e9bbadc5742c92ef797d6c58166e2e4,2016-06-15 15:40:34-07:00,Merge,,,,,341,200.0,,,,
f9ae3a1a2afb336315197734a09225d7e1b1dd0b,8a48aad07a88954f95e808bd4151782b76297958,2016-06-15 15:40:34-07:00,Merge,,,,,341,200.0,,,,
571c94a8f01d7965a8e9186fbd19ce5f966bc27b,912df9b55a0be758cca162d00a55d7d92ad3acca,2016-06-15 15:41:04-07:00,Merge,,,,,341,200.0,,,,
571c94a8f01d7965a8e9186fbd19ce5f966bc27b,f9ae3a1a2afb336315197734a09225d7e1b1dd0b,2016-06-15 15:41:04-07:00,Merge,,,,,341,201.0,,,,
0c0919021082ebd131426379f29a509df5486114,7f7842e657f6f684faec22c48c0747fa6caa0943,2016-06-15 15:41:29-07:00,Merge,,,,,341,201.0,,,,
0c0919021082ebd131426379f29a509df5486114,571c94a8f01d7965a8e9186fbd19ce5f966bc27b,2016-06-15 15:41:29-07:00,Merge,,,,,341,202.0,,,,
8bc4e9bc136a2c175035da5d54f6a4d0298e93b0,ccd42e923608481ed1977b0cb9282ccbf620ff17,2016-06-15 15:42:10-07:00,Merge,,,,,341,202.0,,,,
8bc4e9bc136a2c175035da5d54f6a4d0298e93b0,0c0919021082ebd131426379f29a509df5486114,2016-06-15 15:42:10-07:00,Merge,,,,,341,203.0,,,,
4a040d11ca131058d0e28823be33b29c380c3166,25f25cbafd8aabe32bce2ab8d6b652b9c622e19b,2016-06-15 15:44:33-07:00,Merge,,,,,341,203.0,,,,
4a040d11ca131058d0e28823be33b29c380c3166,8bc4e9bc136a2c175035da5d54f6a4d0298e93b0,2016-06-15 15:44:33-07:00,Merge,,,,,341,204.0,,,,
8af08f90b53e901f2f4234f1f17307eab9c928ab,364239a29412b31d313e843a1bd972cd4d6d8f06,2016-06-16 14:29:40-07:00,Normal,248960.0,248960.0,1038934.0,1038934.0,342,205.0,0.0,,0.0,
22eac7e56ad72d1bdd5fb48aac74acb56fe90efc,8af08f90b53e901f2f4234f1f17307eab9c928ab,2016-06-16 14:44:25-07:00,Normal,248960.0,248960.0,1038934.0,1038934.0,342,206.0,0.0,,0.0,
25d8aec037e3ed2456254778a5d7f3f6f8e4ea13,d4d618493175b7c22995fe6319e9ae61e995de01,2016-06-17 12:15:57-07:00,Merge,,,,,343,207.0,,,,
25d8aec037e3ed2456254778a5d7f3f6f8e4ea13,dafe27617e5ae9dd40ef5fdad97fc0e73d7aa886,2016-06-17 12:15:57-07:00,Merge,,,,,343,207.0,,,,
22d32671881d9c082fdb9584c4ef6c558cdc656a,f279e362920ebff0108cef4e9bf2944bda1796dc,2016-06-17 16:01:31-07:00,Merge,,,,,343,207.0,,,,
22d32671881d9c082fdb9584c4ef6c558cdc656a,5a6188d61ebd76dc3b8c2f65b9a10630a15952db,2016-06-17 16:01:31-07:00,Merge,,,,,343,208.0,,,,
392ff36e29422a6033a2566dfb0ae5c9786f091b,4445dc2b596d8de6677b709b66d92b2db0042fd3,2016-06-17 16:01:57-07:00,Merge,,,,,343,208.0,,,,
392ff36e29422a6033a2566dfb0ae5c9786f091b,22d32671881d9c082fdb9584c4ef6c558cdc656a,2016-06-17 16:01:57-07:00,Merge,,,,,343,209.0,,,,
5b13a29e2a6677910ee933c4ab70d77d13c8c037,9d8e79be09ec76d0f7aa7954d5d7ef8b679b8b0f,2016-06-18 23:04:32-07:00,Normal,249376.0,249376.0,1045375.0,1045375.0,344,210.0,0.0,,0.0,
90f46c2c092cbad5be448153d97cb9533cecefbf,5b13a29e2a6677910ee933c4ab70d77d13c8c037,2016-06-18 23:07:07-07:00,Merge,,249376.0,,1045375.0,344,210.0,,,,
90f46c2c092cbad5be448153d97cb9533cecefbf,9d8e79be09ec76d0f7aa7954d5d7ef8b679b8b0f,2016-06-18 23:07:07-07:00,Merge,,249376.0,,1045375.0,344,211.0,,,,
b006523d01569d442765b1bb9279a8e4edf80716,e26fb8164b08b4a73338a6cd78b2972126efb21e,2016-06-21 13:28:04-07:00,Merge,,,,,347,211.0,,,,
b006523d01569d442765b1bb9279a8e4edf80716,97845e88020f86a3c862e15cc3c511b9098d9287,2016-06-21 13:28:04-07:00,Merge,,,,,347,212.0,,,,
886f5c7a8e3cda583afedb39102d7fd1ba01ed13,e8aa0e8a7be717cee2dfea6dd6f79d3d36d90b7b,2016-06-24 14:23:52-07:00,Normal,250696.0,250696.0,1050610.0,1050610.0,350,213.0,0.0,,0.0,
b754695adb6c8d3b42c6e0956d963324471c116f,db4c943f6d20287cbb8e90e2804e8c87227d24d3,2016-06-28 20:29:49-07:00,Normal,250965.0,250965.0,1053713.0,1053713.0,354,214.0,0.0,,0.0,
3228a51f0b78d58ac605349ca8bf6145a26a2137,821e6ec2a72b8453813923ac71d1c54f8aef91a8,2016-06-30 11:55:17-07:00,Merge,,,,,356,214.0,,,,
3228a51f0b78d58ac605349ca8bf6145a26a2137,b1b51a6fefada3e2a4167c1fd7bc986b6608b267,2016-06-30 11:55:17-07:00,Merge,,,,,356,215.0,,,,
78c02cd05238c453aab5f244d7034e776281fd77,2906a35c1a22838ee0c790100348fb40a6c9d27b,2016-07-13 11:12:59-07:00,Normal,242147.0,242147.0,1029913.0,1029892.0,369,216.0,21.0,,0.0,
360f2eb9270329e9d6581aec05c53b906dce66e8,3a0d2d55c3e689978b708d4379739cee731720bf,2016-07-14 17:47:46-07:00,Normal,243598.0,243608.0,1034114.0,1034473.0,370,217.0,-359.0,,-10.0,
129b3a1e27f3c921094a3bbb6413ec9c5bd50d6b,e60df0853229c03b85fbab0128ffabcb3aad70ac,2016-07-15 23:58:29-07:00,Normal,254203.0,254203.0,1068260.0,1068260.0,371,218.0,0.0,,0.0,
e91c5d048b891cd3a66a54cff3e45520dba95c16,129b3a1e27f3c921094a3bbb6413ec9c5bd50d6b,2016-07-15 23:58:29-07:00,Normal,254203.0,254203.0,1068260.0,1068260.0,371,219.0,0.0,,0.0,
6456d67bd0a93776d3140964ba10fb0c39c85d17,12d923ed1583ac5cbec8d98003c7e08de5d1e9fd,2016-07-27 09:56:34-07:00,Merge,,,,,382,219.0,,,,
6456d67bd0a93776d3140964ba10fb0c39c85d17,03fe6b962cd5bb36ca9186eff033fa4914a65fed,2016-07-27 09:56:34-07:00,Merge,,,,,382,220.0,,,,
fb3f02fb68d513cda73d65b8bd03eb37eef3caf9,1aaea5fe090cc838a995fa4f2c2c2ffc96c86197,2016-07-27 12:03:21-07:00,Normal,253977.0,253977.0,1074348.0,1074348.0,383,221.0,0.0,,0.0,
617b614e49aa170d90e55420b6ca9c5ba96249e0,fb3f02fb68d513cda73d65b8bd03eb37eef3caf9,2016-07-27 12:03:38-07:00,Merge,,253977.0,,1074348.0,383,221.0,,,,
617b614e49aa170d90e55420b6ca9c5ba96249e0,1aaea5fe090cc838a995fa4f2c2c2ffc96c86197,2016-07-27 12:03:38-07:00,Merge,,253977.0,,1074348.0,383,222.0,,,,
b712bfd7ac05680c8d7feaf9a7526aacf584c74e,1ec1051170da7f66b64c684451bbe7ab87d9018c,2016-08-01 21:51:57-07:00,Normal,255634.0,255634.0,1083279.0,1083356.0,388,223.0,-77.0,,0.0,
8913c375b864bd57437c11a116d5bfcdf07701b2,b712bfd7ac05680c8d7feaf9a7526aacf584c74e,2016-08-01 21:52:27-07:00,Merge,,255634.0,,1083279.0,388,223.0,,,,
8913c375b864bd57437c11a116d5bfcdf07701b2,1ec1051170da7f66b64c684451bbe7ab87d9018c,2016-08-01 21:52:27-07:00,Merge,,255634.0,,1083356.0,388,224.0,,,,
e3fa83177c4d2d1331d41e7ce70b1f145475587a,31f5525f439f4dbf33c3715b56c8485c99658212,2016-08-02 09:21:36-07:00,Merge,,,,,388,224.0,,,,
e3fa83177c4d2d1331d41e7ce70b1f145475587a,68def062e25724f36dc69da29b2b0057be71212f,2016-08-02 09:21:36-07:00,Merge,,,,,388,225.0,,,,
e5890d9ea5d9e32682d866bf2b224b33b0ab7a5f,3233ea6df229b9c419be66ceba7897ae44b28748,2016-08-02 10:36:24-07:00,Merge,,,,,388,225.0,,,,
e5890d9ea5d9e32682d866bf2b224b33b0ab7a5f,7a62b9c8d157d6cd1b1615e94f1880ace4a8c93c,2016-08-02 10:36:24-07:00,Merge,,,,,388,226.0,,,,
651c8a4b2fe68d5e2a79926f84ca35ed91d517af,fd4e923890cb97ca4bed59e8cff050fc82b56fb2,2016-08-02 14:03:37-07:00,Normal,255768.0,255768.0,1085361.0,1085356.0,389,227.0,5.0,,0.0,
d2c17c7cfae2a927edcfe9e27583a0190ce43c1b,fd4e923890cb97ca4bed59e8cff050fc82b56fb2,2016-08-02 14:04:30-07:00,Merge,,255768.0,,1085356.0,389,228.0,,,,
d2c17c7cfae2a927edcfe9e27583a0190ce43c1b,651c8a4b2fe68d5e2a79926f84ca35ed91d517af,2016-08-02 14:04:30-07:00,Merge,,255768.0,,1085361.0,389,228.0,,,,
8f4f6826592c1f88ccdeb0ebc739d9c210d2d946,5946bb2978b1c05bb2d6cd392ca9212c1abe2e4b,2016-08-03 12:58:12-07:00,Merge,,,,,390,229.0,,,,
8f4f6826592c1f88ccdeb0ebc739d9c210d2d946,add6feb53cc67228325c1f95ca221ec7995410b0,2016-08-03 12:58:12-07:00,Merge,,,,,390,229.0,,,,
d7e4028437a4ab75f103471fdf911b503834af80,1d4e0ea3c1507906aae4fe2919b52bb5213673e7,2016-08-10 16:55:05-07:00,Normal,472065.0,472053.0,1524872.0,1524857.0,397,230.0,15.0,,12.0,
caed8d85f40199c1cf23ae09d00bc3d1341d3c07,91a3930331dddcc6d85289948fface1d64c87f0e,2016-08-11 13:18:26-07:00,Normal,472075.0,472075.0,1525232.0,1525194.0,398,231.0,38.0,,0.0,
f1fd638962dcfe1e7bd89ea525f0013a733eca10,caed8d85f40199c1cf23ae09d00bc3d1341d3c07,2016-08-11 17:06:54-07:00,Normal,472064.0,472075.0,1525465.0,1525232.0,398,232.0,233.0,,-11.0,
bd7d7cc02a370180c25b20096b450b79ba2713b8,f1fd638962dcfe1e7bd89ea525f0013a733eca10,2016-08-11 17:06:54-07:00,Normal,472064.0,472064.0,1525478.0,1525465.0,398,233.0,13.0,,0.0,
77f5813194afcc2ed45a80753cfcab564faf05dc,bd7d7cc02a370180c25b20096b450b79ba2713b8,2016-08-11 17:06:55-07:00,Normal,472346.0,472064.0,1527389.0,1525478.0,398,234.0,1911.0,,282.0,
b8dc23d0c1bb16775198004b4e33ff7bb1652e2b,91a3930331dddcc6d85289948fface1d64c87f0e,2016-08-11 17:13:10-07:00,Normal,472075.0,472075.0,1525194.0,1525194.0,398,235.0,0.0,,0.0,
7ac0b929b850994b7546aafa60da8be3bcc15997,2b34988712ba79c4c01b1f4863fbe6b753ec4e43,2016-08-15 17:35:10-07:00,Normal,472544.0,472538.0,1530403.0,1530374.0,402,236.0,29.0,,6.0,
2aa0bb2dfca7b5b64cc0eae90cf0b9cae20c8f02,d412d5721d4d2c5b92d142eb02c9203187bb3f9b,2016-08-16 18:12:28-07:00,Normal,472951.0,473154.0,1533845.0,1534298.0,403,237.0,-453.0,,-203.0,
07aeecbf0a774e1e4260bcf1f26dedc007354028,2aa0bb2dfca7b5b64cc0eae90cf0b9cae20c8f02,2016-08-16 18:12:50-07:00,Merge,,472951.0,,1533845.0,403,237.0,,,,
07aeecbf0a774e1e4260bcf1f26dedc007354028,d412d5721d4d2c5b92d142eb02c9203187bb3f9b,2016-08-16 18:12:50-07:00,Merge,,473154.0,,1534298.0,403,238.0,,,,
3e69c5a9b8ce72ec81b9e853e32d19302a1564c3,1d5684a5f76959855332175de47f40be7b17f48e,2016-08-17 17:34:49-07:00,Normal,472951.0,472951.0,1533860.0,1533860.0,404,239.0,0.0,,0.0,
edc598a35977bdb61cda922878492f306a42111f,57ad590d8d0504a318bf6ec6efabe533b25960a1,2016-08-18 17:40:33-07:00,Normal,479090.0,479090.0,1549044.0,1549031.0,405,240.0,13.0,,0.0,
608f4cdecc30dca8762cc92288d0fd98e798b343,5981aa8b377b792676daceeee3a793a19121a184,2016-08-23 14:32:34-07:00,Normal,438203.0,438203.0,1568191.0,1568115.0,410,241.0,76.0,,0.0,
b4c2d25d9499f0a96754e50cd13b2da4c70a7d9e,608f4cdecc30dca8762cc92288d0fd98e798b343,2016-08-23 15:34:25-07:00,Normal,438211.0,438203.0,1568632.0,1568191.0,410,242.0,441.0,,8.0,
ca64d96ee5b580a9bd27484ddbb2a02e8151fdbb,b4c2d25d9499f0a96754e50cd13b2da4c70a7d9e,2016-08-23 15:34:25-07:00,Normal,438201.0,438211.0,1568529.0,1568632.0,410,243.0,-103.0,,-10.0,
266207570abd2a80390bc73459f6d6c5ca8365db,ca64d96ee5b580a9bd27484ddbb2a02e8151fdbb,2016-08-23 15:34:26-07:00,Normal,438201.0,438201.0,1568535.0,1568529.0,410,244.0,6.0,,0.0,
9dcef2e3cdf6439442fe809dddde438aabaf314d,49ff2e8831f79c51390a7fe1316530428dfe2f22,2016-08-24 13:16:40-07:00,Normal,395902.0,395902.0,1573084.0,1573102.0,411,245.0,-18.0,,0.0,
a291846cd1ba856e32907d62b6e6be2d2f463dc9,72fbb5193b839af17d732631e932de8889850a16,2016-08-28 10:20:44-07:00,Normal,415750.0,415734.0,1690646.0,1690143.0,414,246.0,503.0,,16.0,
8fcedd76fc289f6a9588caed2c55be42b9b74ad8,a291846cd1ba856e32907d62b6e6be2d2f463dc9,2016-08-28 10:21:06-07:00,Merge,,415750.0,,1690646.0,414,246.0,,,,
8fcedd76fc289f6a9588caed2c55be42b9b74ad8,72fbb5193b839af17d732631e932de8889850a16,2016-08-28 10:21:06-07:00,Merge,,415734.0,,1690143.0,414,247.0,,,,
1a23f5a79f34cb70fa65de9b3902428a16a366ca,1dfd6ab0c11d95ef5d5352509c90fdab5ce4ed29,2016-08-31 13:46:40-07:00,Normal,415718.0,415712.0,1691475.0,1691411.0,418,248.0,64.0,,6.0,
24a0a5113cd62f844d1006c56812b1b62c142dd6,1dfd6ab0c11d95ef5d5352509c90fdab5ce4ed29,2016-08-31 16:07:07-07:00,Normal,415712.0,415712.0,1691411.0,1691411.0,418,249.0,0.0,,0.0,
2d6dd159d236a5ff20c032446219c3d30b2f7fd7,0037b67cdf824bf928f7f40342d542941df5776f,2016-09-08 17:14:59-07:00,Normal,334946.0,334939.0,1716090.0,1716082.0,426,250.0,8.0,,7.0,
279219ca89bd2951d9474c1c2f649c75e33c8207,884e32c8fddd9e6c65941631307ef2a5d90b30d4,2016-09-09 09:45:53+02:00,Normal,334979.0,334979.0,1716115.0,1716115.0,426,251.0,0.0,,0.0,
4eeebf76ae05b1f7a1fba4391bde5c30c2fa74a0,ca00e596bdc7521a096311b3ae44e2731e0910be,2016-09-21 18:08:41-07:00,Normal,338672.0,338672.0,1753772.0,1753772.0,439,252.0,0.0,,0.0,
fa4270cd2ff41ac6f4a6283bc53e1ff0f432c4b9,3149a2b7c66bb356d90397f4d562c7c7f2e84d76,2016-09-22 13:41:27-07:00,Normal,338759.0,338759.0,1755524.0,1755524.0,440,253.0,0.0,,0.0,
2709f07c711f39e38a685886192b876e6f0ab29b,7766f5e99236af03302bbd746047a8145f0eeaa2,2016-09-22 13:42:46-07:00,Normal,338597.0,338597.0,1751331.0,1751331.0,440,254.0,0.0,,0.0,
ac9e5496d9bc1e029e158517b66b3cb98d850cc6,2709f07c711f39e38a685886192b876e6f0ab29b,2016-09-22 13:42:46-07:00,Normal,338470.0,338597.0,1749652.0,1751331.0,440,255.0,-1679.0,,-127.0,
db3e549bd16f3f9f806cc628b694f2973edbfc60,ac9e5496d9bc1e029e158517b66b3cb98d850cc6,2016-09-22 13:42:46-07:00,Normal,338470.0,338470.0,1749652.0,1749652.0,440,256.0,0.0,,0.0,
d3fec56bcbe4a2e2ef580da47c48a7947b9bcb9a,db3e549bd16f3f9f806cc628b694f2973edbfc60,2016-09-22 13:42:46-07:00,Normal,338470.0,338470.0,1749652.0,1749652.0,440,257.0,0.0,,0.0,
29977bd1a7739af04a207eb18f9497e28de3686a,d3fec56bcbe4a2e2ef580da47c48a7947b9bcb9a,2016-09-22 13:42:46-07:00,Normal,338470.0,338470.0,1749659.0,1749652.0,440,258.0,7.0,,0.0,
23fb528e0d3d91a041aeadbb6b97757e7414231f,29977bd1a7739af04a207eb18f9497e28de3686a,2016-09-22 13:42:46-07:00,Normal,338470.0,338470.0,1749663.0,1749659.0,440,259.0,4.0,,0.0,
e67cf8a264dc0d39eff54f78fda4626daf5f3109,23fb528e0d3d91a041aeadbb6b97757e7414231f,2016-09-22 13:42:46-07:00,Normal,338470.0,338470.0,1749663.0,1749663.0,440,260.0,0.0,,0.0,
7766f5e99236af03302bbd746047a8145f0eeaa2,3149a2b7c66bb356d90397f4d562c7c7f2e84d76,2016-09-22 13:42:46-07:00,Normal,338597.0,338759.0,1751331.0,1755524.0,440,261.0,-4193.0,,-162.0,
52a96d95c039d38171463a434fe604bd5ff3daad,e67cf8a264dc0d39eff54f78fda4626daf5f3109,2016-09-22 13:44:02-07:00,Normal,338470.0,338470.0,1749666.0,1749663.0,440,262.0,3.0,,0.0,
3bb1059179a2d7e2fab84e9e3bc35560a109d940,52a96d95c039d38171463a434fe604bd5ff3daad,2016-09-22 13:44:02-07:00,Normal,338470.0,338470.0,1749666.0,1749666.0,440,263.0,0.0,,0.0,
76ba6d19e95847e21b22ff3f88a3260541ac5b4e,3bb1059179a2d7e2fab84e9e3bc35560a109d940,2016-09-22 14:59:45-07:00,Normal,338470.0,338470.0,1749666.0,1749666.0,440,264.0,0.0,,0.0,
5b1d875f27876a9d410ff218d9d6cff2a1a7e073,1e09f64a251a9045d9bfbb9951babe7ac61971ba,2016-12-01 11:47:24-08:00,Normal,338470.0,358947.0,1749666.0,2010374.0,510,265.0,-260708.0,,-20477.0,
52951a6c333d6b633bb49c2c17de6e4c2d6916cc,1e09f64a251a9045d9bfbb9951babe7ac61971ba,2016-12-01 11:48:46-08:00,Merge,,358947.0,,2010374.0,510,266.0,,,,
52951a6c333d6b633bb49c2c17de6e4c2d6916cc,5b1d875f27876a9d410ff218d9d6cff2a1a7e073,2016-12-01 11:48:46-08:00,Merge,,338470.0,,1749666.0,510,266.0,,,,
efd2ad825a02f2d118eef4741be0c665d2c640fe,76782c8cfcefc7b5a7b1a24f99ed632f38974278,2016-12-19 15:55:20-08:00,Normal,266200.0,266200.0,1780973.0,1780973.0,528,267.0,0.0,,0.0,
ae461f8a1f07edc4f54d95b1d88d68212115f902,491fe7fde0f1a4e15eb0861d4204f22b0eb80d44,2016-12-19 16:05:48-08:00,Normal,266200.0,266200.0,1780973.0,1780973.0,528,268.0,0.0,,0.0,
fdbec9220017e48c7b17c3cda87bbbeb9bd282f3,dac49039e892447287573031c74d89b16e9c5bb1,2016-12-19 16:21:01-08:00,Normal,266200.0,266200.0,1780973.0,1780973.0,528,269.0,0.0,,0.0,
4de1287eb2cd5c703deb029923c69d30a9bad9a1,f74183e13837986eb227bb9134a660082e7cff13,2016-12-19 16:22:41-08:00,Normal,266200.0,266200.0,1780973.0,1780973.0,528,270.0,0.0,,0.0,
2da8b76c6b51f069c87da8963c777d65a97b098d,f6b57cd8a6e65966137cb445efbf7f46e638e52c,2017-01-12 15:23:13-08:00,Normal,266200.0,266200.0,1780973.0,1780973.0,552,271.0,0.0,,0.0,
a99f791d04d1c464666cbe32da318eee6b3be4de,fa4f010421ef26433c8524cd86674f5487d09451,2017-01-19 16:05:35-08:00,Merge,,,,,559,271.0,,,,
a99f791d04d1c464666cbe32da318eee6b3be4de,cc2250cb982091bf72822e168296f34dc038c271,2017-01-19 16:05:35-08:00,Merge,,,,,559,272.0,,,,
b03b5de5af5d5641398ea4dd6c740e9a63d71c77,560f52390a3c5a6e64ad623039290deb155bd0f6,2017-01-25 17:37:29-08:00,Normal,295126.0,295126.0,1834925.0,1834895.0,565,273.0,30.0,,0.0,
16b7bee56db55c0d5a3101b17bfb7f99dcef3ff6,b03b5de5af5d5641398ea4dd6c740e9a63d71c77,2017-01-26 12:54:25-08:00,Normal,295126.0,295126.0,1834928.0,1834925.0,566,274.0,3.0,,0.0,
4bda915c685a0295319a5cce84a1cc8944f8d208,1d7c5cc08efdfc91dac9fc65cac87947fb411909,2017-05-12 16:56:08-07:00,Normal,311223.0,311223.0,1747158.0,1747158.0,672,275.0,0.0,,0.0,
d6e1140b5d3c5c9d8696b7ccda0a5f92f36033df,f4403d262e8240475ff164a46c776d6566e66b56,2017-05-31 16:38:46-07:00,Normal,351710.0,351742.0,1876052.0,1876339.0,691,276.0,-287.0,,-32.0,
c46e231fc7c085accc19e729069282d7f7287d7b,d6e1140b5d3c5c9d8696b7ccda0a5f92f36033df,2017-05-31 16:38:47-07:00,Normal,351719.0,351710.0,1876059.0,1876052.0,691,277.0,7.0,,9.0,
6ff1a9829debe285a5f3d6308a6e5196e6f68989,cadaaa349a2d1fbbbca441880489863bae96df7b,2017-06-16 16:45:14-07:00,Normal,362383.0,362383.0,1926272.0,1926272.0,707,278.0,0.0,,0.0,
cadaaa349a2d1fbbbca441880489863bae96df7b,ad4d9657115ba6f499a419f9df2eb2c9d55a92f8,2017-06-16 16:45:14-07:00,Normal,362383.0,362380.0,1926272.0,1926195.0,707,279.0,77.0,,3.0,
51562445de3dbabd20f3cdbfdd9934d74486a6ce,6ff1a9829debe285a5f3d6308a6e5196e6f68989,2017-06-19 11:17:41-07:00,Normal,362383.0,362383.0,1926272.0,1926272.0,710,280.0,0.0,,0.0,
8e7db3a0d34399e8235daed4b20abcd222cf1b34,fdee1d54881dab7eb496e3f11c2f5f4a83d9a4db,2017-07-05 10:51:55-04:00,Normal,244948.0,244918.0,1619474.0,1619173.0,725,281.0,301.0,,30.0,
a2f168b489b0ed02263af3fcb2c52c58b132398a,89cde269759e084cb72986e15a7a2334ce23f1d4,2017-09-11 16:24:56-07:00,Merge,,,,,794,281.0,,,,
a2f168b489b0ed02263af3fcb2c52c58b132398a,db809c0eb7d33fac8f54d8735211f2f3a8fc4214,2017-09-11 16:24:56-07:00,Merge,,,,,794,282.0,,,,
a0cb2ce697c195d22daeef4fbe6545bdaba11e2f,dbcab6d74431251309958d7571abc10e8b1443fc,2017-11-11 16:09:34-08:00,Normal,192893.0,192871.0,1633631.0,1633292.0,855,283.0,339.0,,22.0,
fc0924cd4b59ab49ee955b7f0631820db57a824f,a0cb2ce697c195d22daeef4fbe6545bdaba11e2f,2017-11-11 16:25:27-08:00,Normal,192920.0,192893.0,1633757.0,1633631.0,855,284.0,126.0,,27.0,
e73fd8784484235d5010f4b2bba2251a584c5dd0,fc0924cd4b59ab49ee955b7f0631820db57a824f,2017-11-11 18:42:48-08:00,Normal,192938.0,192920.0,1633815.0,1633757.0,855,285.0,58.0,,18.0,
a6b8a87b65442ccee253ac97d54cdbef594db0b9,e73fd8784484235d5010f4b2bba2251a584c5dd0,2017-11-11 18:42:48-08:00,Normal,192938.0,192938.0,1633817.0,1633815.0,855,286.0,2.0,,0.0,
2956314cde74f0481be1da6107cc266f56127173,3ec7487c0fdd6ac7498fbf093b7192579581227f,2017-11-17 15:22:53-08:00,Normal,195630.0,195630.0,1659615.0,1659611.0,861,287.0,4.0,,0.0,
023895d597be6539a1a16fa54d60e47a17d85dc1,d3cc93903f2a488ab4451b5b1f566f8285817692,2018-01-23 17:18:16-08:00,Normal,204914.0,204914.0,1746705.0,1746680.0,928,288.0,25.0,,0.0,
349a99b80e7e6c0c92218c814ae0858fd71609fc,aab5cb4c348e06c3ad13de0028b9b2a1eff38a93,2018-04-25 09:11:20-07:00,Normal,219421.0,219544.0,1836004.0,1835863.0,1019,289.0,141.0,,-123.0,
5dc3b8e63bffc326e308990ae315de085c2d17d3,aae438e823e94c7b9a9e00504790da0ed97617d7,2018-10-19 16:10:31-07:00,Normal,243687.0,243687.0,2007987.0,2007984.0,1197,290.0,3.0,,0.0,
fdd502c2ff4d358365be6beaf89159e7e00cddbe,5dc3b8e63bffc326e308990ae315de085c2d17d3,2018-10-22 16:18:33-07:00,Normal,243687.0,243687.0,2007987.0,2007987.0,1200,291.0,0.0,,0.0,
ebffc0928eac424bb5566521f6746725588b2df1,6a11f9d46db8f4a627e4a59c61fca9c31c874298,2018-10-31 14:41:22-07:00,Normal,241962.0,241962.0,1987944.0,1987944.0,1209,292.0,0.0,,0.0,
6a11f9d46db8f4a627e4a59c61fca9c31c874298,50dffba0f3f21580c0ce433096a5e54575341224,2018-10-31 14:41:22-07:00,Normal,241962.0,241962.0,1987944.0,1987944.0,1209,293.0,0.0,,0.0,
dcb10d81d18f4e8a58496ef61b62247ae93bbaef,ebffc0928eac424bb5566521f6746725588b2df1,2018-10-31 17:11:23-07:00,Normal,241962.0,241962.0,1987944.0,1987944.0,1209,294.0,0.0,,0.0,
6195d1005d81eaa5dd49da744f5beab178340f5a,06e737367d0b53b59e64e464f4a3a2393a40b7d7,2018-11-09 10:50:11-08:00,Normal,244001.0,243976.0,1999319.0,1999190.0,1218,295.0,129.0,,25.0,
5a8444ceec9e28e8a7dbf36bfd7cb55554c5b865,6195d1005d81eaa5dd49da744f5beab178340f5a,2018-11-09 16:24:12-08:00,Normal,244045.0,244001.0,1999529.0,1999319.0,1218,296.0,210.0,,44.0,
74c50c0ad334ec2c1cc5b8fb9677315ef5aa8f44,5a8444ceec9e28e8a7dbf36bfd7cb55554c5b865,2018-11-09 16:24:12-08:00,Normal,244045.0,244045.0,1999529.0,1999529.0,1218,297.0,0.0,,0.0,
44a87baf09aec4f2e8e159de4c409d27aebbb1da,74c50c0ad334ec2c1cc5b8fb9677315ef5aa8f44,2018-11-10 18:24:59-08:00,Normal,244045.0,244045.0,1999531.0,1999529.0,1219,298.0,2.0,,0.0,
578962d934df19cb2cb7ec0536dcb76f53951e68,44a87baf09aec4f2e8e159de4c409d27aebbb1da,2018-11-10 18:46:43-08:00,Normal,244045.0,244045.0,1999536.0,1999531.0,1219,299.0,5.0,,0.0,
fd77aa5a41bbce7490dd4538c0d5743cb59b2be4,578962d934df19cb2cb7ec0536dcb76f53951e68,2018-11-12 10:52:18-08:00,Normal,244048.0,244045.0,1999570.0,1999536.0,1221,300.0,34.0,,3.0,
680ddd49d8d23a88744f9de720f266022effd409,fd77aa5a41bbce7490dd4538c0d5743cb59b2be4,2018-11-12 12:57:42-08:00,Normal,244048.0,244048.0,1999611.0,1999570.0,1221,301.0,41.0,,0.0,
980242c2092df3594ed38540a80c4bf172c5a68d,680ddd49d8d23a88744f9de720f266022effd409,2018-11-12 21:57:57-08:00,Normal,244048.0,244048.0,1999611.0,1999611.0,1221,302.0,0.0,,0.0,
f55efb8dae5b41a8af083dc96c53b5b6f6e59b49,3c332a9487552ef8a778522b2b3a9ac9e3564287,2019-07-19 15:25:56-07:00,Normal,258601.0,258601.0,1871972.0,1871972.0,1470,303.0,0.0,,0.0,
3c81a9a1c99b6dad5759020b5ac794180a28b7b8,f55efb8dae5b41a8af083dc96c53b5b6f6e59b49,2019-07-19 15:34:30-07:00,Normal,258601.0,258601.0,1871972.0,1871972.0,1470,304.0,0.0,,0.0,
a4ae7b9081f3ddedd0d588688215ddbe26274f75,a87c1b2d720fcec8a476128dd29f9a4a62d97424,2019-10-01 09:48:00-07:00,Normal,273623.0,273623.0,2035198.0,2035180.0,1543,305.0,18.0,,0.0,
236112c6af9b22b02e35914fe8fbbdbfe856f975,5a4c6c2b34a011ca1801354395538df5b8e8cd66,2019-10-08 16:14:43-07:00,Normal,273525.0,273525.0,2035951.0,2035944.0,1551,306.0,7.0,,0.0,
420a44da0138cb64fa5d4e9fab79d8be3527ffd8,cd274ff270dadab3eb73eda85c8dd178668a0563,2019-10-23 11:50:39-07:00,Normal,275526.0,275526.0,2055912.0,2055742.0,1566,307.0,170.0,,0.0,
e4a18dee73547e29eb1572af6da29364d64df2ab,dd77283426bd3249004472efcbb3257744448161,2020-01-14 10:19:35-08:00,Normal,282346.0,282346.0,2079672.0,2079664.0,1649,308.0,8.0,,0.0,
24314d228c96dedafb749869f84355d00303f040,c30f4489b47f4c77e411577a5acf6b747a1fde0b,2020-01-21 12:27:59-08:00,Normal,280939.0,280939.0,2086927.0,2086917.0,1656,309.0,10.0,,0.0,
e8c20e1f3960063ac8ba4cd0744095447c11ea8a,81acde7adc3a94dab76aea9e4df4f38c6013c2e1,2020-01-22 14:10:09-08:00,Normal,281033.0,281033.0,2087675.0,2087665.0,1657,310.0,10.0,,0.0,
8ce61eef5b2075a1b45c14b9a74d4da042b77367,cad44602e1188a1feff0bc085dc8286c6c5d3640,2020-01-31 13:01:20-08:00,Normal,281168.0,281168.0,2088769.0,2088769.0,1666,311.0,0.0,,0.0,
75f835aa085750646b57c0bbe324ef63aa331b90,cc14d5f3a15757d96f8031b683303eb2811a4230,2020-09-02 10:48:25-07:00,Normal,300492.0,300492.0,2269013.0,2269013.0,1880,312.0,0.0,,0.0,
1f0305fe1bb2e85a342c90d3c8b1e7aacf3d47fb,75f835aa085750646b57c0bbe324ef63aa331b90,2020-09-02 10:48:26-07:00,Normal,300492.0,300492.0,2269013.0,2269013.0,1880,313.0,0.0,,0.0,
15e0e3e90eb9dfcde0e540a325cee5786eff0cd4,1f0305fe1bb2e85a342c90d3c8b1e7aacf3d47fb,2020-09-02 10:48:26-07:00,Normal,300492.0,300492.0,2269013.0,2269013.0,1880,314.0,0.0,,0.0,
7bf2adade8a5be3fd1ad136fe1ca9532a2723259,15e0e3e90eb9dfcde0e540a325cee5786eff0cd4,2020-09-02 10:48:26-07:00,Normal,300492.0,300492.0,2269013.0,2269013.0,1880,315.0,0.0,,0.0,
a86afc12df023e8a45a1c3b6523aed38c3e6cd18,7bf2adade8a5be3fd1ad136fe1ca9532a2723259,2020-09-02 10:49:40-07:00,Normal,300492.0,300492.0,2269013.0,2269013.0,1880,316.0,0.0,,0.0,
9eb664f88ab5309800a7a334833e5e8742fd9ad1,a86afc12df023e8a45a1c3b6523aed38c3e6cd18,2020-09-02 11:45:10-07:00,Normal,300492.0,300492.0,2269013.0,2269013.0,1881,317.0,0.0,,0.0,
5a4ba227af2b82314cf34bdc2cea9a392fcc0416,1b5802fd5d7cfb41f8baeaccaacf71785f7ec7a4,2020-09-10 16:34:05-07:00,Normal,300851.0,300851.0,2275800.0,2275800.0,1889,318.0,0.0,,0.0,
13b6a929bc945f2bb97dbf7cd7f0fdd02b49bc0f,2d9a0b64d11688c0c1fa42cda7423f5155c2fcb7,2020-09-24 16:14:29-04:00,Normal,300645.0,300645.0,2272578.0,2272578.0,1903,319.0,0.0,,0.0,
9a2e0fcb18bc9feb327122edc95a968a8d423af7,db9f1e91d977c45fe7df8e1e1bd415a3292995e1,2020-09-28 10:50:47-07:00,Normal,300693.0,300693.0,2273563.0,2273558.0,1906,320.0,5.0,,0.0,
80c3ec4c6a62486b0993b2e2f51c3e6f9bd6413a,d9a26fb69bcb194c1b56a93eca0735a8fdf3bd63,2021-01-27 19:14:24-08:00,Normal,331639.0,331639.0,2351228.0,2351233.0,2028,321.0,-5.0,,0.0,
54fde5d119f8bb55aec18cb5aef01b6ea58dfea0,503d0487dc763d43a50c6b947dbf05c9b02dd85d,2021-06-17 16:42:23-07:00,Normal,342055.0,342055.0,2535372.0,2535350.0,2169,322.0,22.0,,0.0,
a3d0dbbf6013c214ec0a60f1484c7fcf91c8969e,24a71990e02edbfd0a05f4abfdedcab991525874,2022-03-23 15:26:37+00:00,Normal,366312.0,366312.0,2733928.0,2733928.0,2447,323.0,0.0,,0.0,
e405ae9ec8592bf028e351bab44de420908bac0d,a3d0dbbf6013c214ec0a60f1484c7fcf91c8969e,2022-03-23 15:26:38+00:00,Normal,366352.0,366312.0,2733928.0,2733928.0,2447,324.0,0.0,,40.0,
2831f9a343ec405efce60d09da482a654971018e,e405ae9ec8592bf028e351bab44de420908bac0d,2022-03-23 15:26:38+00:00,Normal,366352.0,366352.0,2733925.0,2733928.0,2447,325.0,-3.0,,0.0,
17e74b3936c341d2b6eed55570c0ffaabd52d3ad,2831f9a343ec405efce60d09da482a654971018e,2022-03-23 15:26:38+00:00,Normal,366352.0,366352.0,2733932.0,2733925.0,2447,326.0,7.0,,0.0,
0710b6836c655f4a197cc0efbffc615b5d1d165e,17e74b3936c341d2b6eed55570c0ffaabd52d3ad,2022-03-23 15:26:38+00:00,Normal,366352.0,366352.0,2733938.0,2733932.0,2447,327.0,6.0,,0.0,
fad4ba2a34525c4831f89483e696509a88c45ce6,0710b6836c655f4a197cc0efbffc615b5d1d165e,2022-03-23 17:59:55+00:00,Normal,366352.0,366352.0,2732949.0,2733938.0,2448,328.0,-989.0,,0.0,
331525670b772eb8956b7f5204078c51c00aaef3,71df3e819b276b4564a18981360476f4f7bcbff1,2022-05-05 20:12:50+00:00,Normal,369518.0,369572.0,2748768.0,2748953.0,2491,329.0,-185.0,,-54.0,
1dabd7be5c08d70dc1b54670de64cae2bf7c6a04,331525670b772eb8956b7f5204078c51c00aaef3,2022-05-05 20:12:51+00:00,Normal,369491.0,369518.0,2748687.0,2748768.0,2491,330.0,-81.0,,-27.0,
a427cd6569094de4b03d147467f4f7f3f360364d,1dabd7be5c08d70dc1b54670de64cae2bf7c6a04,2022-05-06 21:25:20+00:00,Normal,369491.0,369491.0,2748348.0,2748687.0,2492,331.0,-339.0,,0.0,
8100efc7b3122ad119ee8fa4bbbedef3b90f2e0d,4b27077eb27ce6bd6fbd6d111d1c431370bade6e,2022-12-14 18:43:33+00:00,Normal,376851.0,376833.0,2880175.0,2879696.0,2714,332.0,479.0,,18.0,
5a1091d88d95bd1dd5c27f2c72cee4ecb4219dda,2b69bec35d121a24efaf5b31a26a5a6e2699092a,2023-01-12 21:00:22+00:00,Normal,374639.0,374621.0,2873295.0,2872898.0,2743,333.0,397.0,,18.0,
e76dff38cf74c3c8ad9ed4d3bc6e3641d9b64565,60be214af121414b37db5bb77a05f3ba031a9766,2023-03-15 20:45:45+00:00,Normal,380042.0,380013.0,2912112.0,2912007.0,2805,334.0,105.0,,29.0,
1ffe3f467e8b8033312b7c68943d58125fd27663,e1ad9bee5bba8fbe85a6bf6201379ce8b1a611b1,2023-05-11 16:43:38+00:00,Normal,384747.0,384747.0,2942580.0,2942580.0,2861,335.0,0.0,,0.0,
